reference_date,report_date,count,delay
2020-01-18,2020-01-23,1,5
2020-01-20,2020-01-24,1,4
2020-01-21,2020-01-23,1,2
2020-01-21,2020-01-26,2,5
2020-01-22,2020-01-30,1,8
2020-01-22,2020-02-04,1,13
2020-01-23,2020-01-24,2,1
2020-01-23,2020-02-01,1,9
2020-01-23,2020-02-04,1,12
2020-01-25,2020-01-26,1,1
2020-01-25,2020-01-29,2,4
2020-01-25,2020-02-20,1,26
2020-01-26,2020-02-06,1,11
2020-01-28,2020-01-30,1,2
2020-01-28,2020-02-04,1,7
2020-01-28,2020-02-06,1,9
2020-01-28,2020-02-09,1,12
2020-01-28,2020-02-10,1,13
2020-01-29,2020-01-31,1,2
2020-01-29,2020-02-09,1,11
2020-01-29,2020-02-13,1,15
2020-01-30,2020-02-05,2,6
2020-01-30,2020-02-09,3,10
2020-01-30,2020-02-10,3,11
2020-01-30,2020-02-11,1,12
2020-01-31,2020-02-11,1,11
2020-01-31,2020-02-13,1,13
2020-02-01,2020-02-01,1,0
2020-02-01,2020-02-06,1,5
2020-02-01,2020-02-09,1,8
2020-02-01,2020-02-11,1,10
2020-02-02,2020-02-09,1,7
2020-02-02,2020-02-11,2,9
2020-02-02,2020-02-14,1,12
2020-02-02,2020-02-18,1,16
2020-02-03,2020-02-07,1,4
2020-02-03,2020-02-10,1,7
2020-02-03,2020-02-11,1,8
2020-02-03,2020-02-12,1,9
2020-02-03,2020-02-14,1,11
2020-02-04,2020-02-05,1,1
2020-02-04,2020-02-07,1,3
2020-02-04,2020-02-09,2,5
2020-02-04,2020-02-24,1,20
2020-02-05,2020-02-11,1,6
2020-02-07,2020-02-09,1,2
2020-02-07,2020-02-16,1,9
2020-02-08,2020-02-10,1,2
2020-02-08,2020-02-13,1,5
2020-02-08,2020-02-17,2,9
2020-02-08,2020-02-20,1,12
2020-02-08,2020-02-23,1,15
2020-02-08,2020-02-24,1,16
2020-02-10,2020-02-20,1,10
2020-02-10,2020-02-23,1,13
2020-02-11,2020-02-18,1,7
2020-02-12,2020-02-14,1,2
2020-02-12,2020-02-17,1,5
2020-02-12,2020-02-19,2,7
2020-02-12,2020-02-25,1,13
2020-02-12,2020-02-26,1,14
2020-02-12,2020-03-01,1,18
2020-02-13,2020-02-22,1,9
2020-02-13,2020-02-23,1,10
2020-02-13,2020-02-27,1,14
2020-02-14,2020-02-19,1,5
2020-02-15,2020-03-01,1,15
2020-02-16,2020-02-26,1,10
2020-02-17,2020-02-25,1,8
2020-02-17,2020-02-26,1,9
2020-02-18,2020-02-20,1,2
2020-02-18,2020-02-26,1,8
2020-02-19,2020-02-24,2,5
2020-02-20,2020-02-23,1,3
2020-02-20,2020-02-25,1,5
2020-02-20,2020-02-26,1,6
2020-02-23,2020-03-04,1,10
2020-02-23,2020-03-08,1,14
2020-02-24,2020-02-24,1,0
2020-02-24,2020-04-01,1,37
2020-02-25,2020-02-26,1,1
2020-02-25,2020-02-27,1,2
2020-02-28,2020-03-01,2,2
2020-02-28,2020-03-06,1,7
2020-02-29,2020-02-29,1,0
2020-03-02,2020-03-14,1,12
2020-03-02,2020-03-18,1,16
2020-03-02,2020-03-24,1,22
2020-03-03,2020-03-11,1,8
2020-03-03,2020-03-12,1,9
2020-03-03,2020-03-22,2,19
2020-03-04,2020-03-06,1,2
2020-03-04,2020-03-10,1,6
2020-03-05,2020-03-17,1,12
2020-03-06,2020-03-08,1,2
2020-03-06,2020-03-11,2,5
2020-03-06,2020-03-13,1,7
2020-03-06,2020-03-21,1,15
2020-03-07,2020-03-09,1,2
2020-03-07,2020-03-10,3,3
2020-03-07,2020-03-13,1,6
2020-03-08,2020-03-11,3,3
2020-03-08,2020-03-12,1,4
2020-03-08,2020-03-13,1,5
2020-03-08,2020-03-16,1,8
2020-03-09,2020-03-10,1,1
2020-03-09,2020-03-16,1,7
2020-03-09,2020-03-17,2,8
2020-03-09,2020-03-18,2,9
2020-03-09,2020-03-20,4,11
2020-03-09,2020-03-25,1,16
2020-03-09,2020-04-02,1,24
2020-03-10,2020-03-11,3,1
2020-03-10,2020-03-13,1,3
2020-03-10,2020-03-14,1,4
2020-03-10,2020-03-15,3,5
2020-03-10,2020-03-17,3,7
2020-03-10,2020-03-19,1,9
2020-03-10,2020-03-25,1,15
2020-03-10,2020-03-28,1,18
2020-03-10,2020-04-01,1,22
2020-03-10,2020-04-05,1,26
2020-03-10,2020-04-09,1,30
2020-03-11,2020-03-15,2,4
2020-03-11,2020-03-16,1,5
2020-03-11,2020-03-18,4,7
2020-03-11,2020-03-20,2,9
2020-03-11,2020-03-23,2,12
2020-03-11,2020-03-24,1,13
2020-03-11,2020-03-26,1,15
2020-03-11,2020-03-28,1,17
2020-03-11,2020-04-05,1,25
2020-03-11,2020-04-07,1,27
2020-03-12,2020-03-13,1,1
2020-03-12,2020-03-14,2,2
2020-03-12,2020-03-17,2,5
2020-03-12,2020-03-18,4,6
2020-03-12,2020-03-19,1,7
2020-03-12,2020-03-20,2,8
2020-03-12,2020-03-22,1,10
2020-03-12,2020-03-25,1,13
2020-03-12,2020-03-27,1,15
2020-03-12,2020-03-28,1,16
2020-03-12,2020-03-30,1,18
2020-03-12,2020-04-01,2,20
2020-03-12,2020-04-05,1,24
2020-03-13,2020-03-15,1,2
2020-03-13,2020-03-16,2,3
2020-03-13,2020-03-18,1,5
2020-03-13,2020-03-19,2,6
2020-03-13,2020-03-20,2,7
2020-03-13,2020-03-21,2,8
2020-03-13,2020-03-23,2,10
2020-03-13,2020-03-25,1,12
2020-03-13,2020-03-26,1,13
2020-03-13,2020-03-27,2,14
2020-03-13,2020-04-01,1,19
2020-03-14,2020-03-15,1,1
2020-03-14,2020-03-18,1,4
2020-03-14,2020-03-19,1,5
2020-03-14,2020-03-20,2,6
2020-03-14,2020-03-21,1,7
2020-03-14,2020-03-22,3,8
2020-03-14,2020-03-23,1,9
2020-03-14,2020-03-24,1,10
2020-03-14,2020-03-26,1,12
2020-03-14,2020-03-27,1,13
2020-03-14,2020-03-29,1,15
2020-03-14,2020-03-30,1,16
2020-03-14,2020-03-31,1,17
2020-03-14,2020-04-07,1,24
2020-03-14,2020-04-09,1,26
2020-03-15,2020-03-16,3,1
2020-03-15,2020-03-17,1,2
2020-03-15,2020-03-18,3,3
2020-03-15,2020-03-19,1,4
2020-03-15,2020-03-20,2,5
2020-03-15,2020-03-21,2,6
2020-03-15,2020-03-22,3,7
2020-03-15,2020-03-23,1,8
2020-03-15,2020-03-24,1,9
2020-03-15,2020-03-27,2,12
2020-03-15,2020-03-28,4,13
2020-03-15,2020-03-30,1,15
2020-03-15,2020-04-05,1,21
2020-03-16,2020-03-18,6,2
2020-03-16,2020-03-19,4,3
2020-03-16,2020-03-20,8,4
2020-03-16,2020-03-21,1,5
2020-03-16,2020-03-22,9,6
2020-03-16,2020-03-23,1,7
2020-03-16,2020-03-24,1,8
2020-03-16,2020-03-25,1,9
2020-03-16,2020-03-26,1,10
2020-03-16,2020-03-27,1,11
2020-03-16,2020-03-28,1,12
2020-03-16,2020-04-01,1,16
2020-03-16,2020-04-03,1,18
2020-03-16,2020-04-04,1,19
2020-03-16,2020-04-05,1,20
2020-03-16,2020-04-23,1,38
2020-03-16,2020-05-15,1,60
2020-03-17,2020-03-18,3,1
2020-03-17,2020-03-19,1,2
2020-03-17,2020-03-20,7,3
2020-03-17,2020-03-21,3,4
2020-03-17,2020-03-22,5,5
2020-03-17,2020-03-23,2,6
2020-03-17,2020-03-24,2,7
2020-03-17,2020-03-25,2,8
2020-03-17,2020-03-26,5,9
2020-03-17,2020-03-28,1,11
2020-03-17,2020-03-29,2,12
2020-03-17,2020-03-31,1,14
2020-03-17,2020-04-01,1,15
2020-03-17,2020-04-05,1,19
2020-03-17,2020-04-10,1,24
2020-03-17,2020-04-15,1,29
2020-03-17,2020-04-17,1,31
2020-03-18,2020-03-19,5,1
2020-03-18,2020-03-20,11,2
2020-03-18,2020-03-21,4,3
2020-03-18,2020-03-22,5,4
2020-03-18,2020-03-23,3,5
2020-03-18,2020-03-24,2,6
2020-03-18,2020-03-26,2,8
2020-03-18,2020-03-27,1,9
2020-03-18,2020-03-28,1,10
2020-03-18,2020-03-30,1,12
2020-03-18,2020-04-01,1,14
2020-03-18,2020-04-03,2,16
2020-03-19,2020-03-20,6,1
2020-03-19,2020-03-21,2,2
2020-03-19,2020-03-22,7,3
2020-03-19,2020-03-23,7,4
2020-03-19,2020-03-24,4,5
2020-03-19,2020-03-25,2,6
2020-03-19,2020-03-26,2,7
2020-03-19,2020-03-27,5,8
2020-03-19,2020-03-28,2,9
2020-03-19,2020-03-29,3,10
2020-03-19,2020-03-31,1,12
2020-03-19,2020-04-01,1,13
2020-03-19,2020-04-03,1,15
2020-03-19,2020-04-10,1,22
2020-03-20,2020-03-22,7,2
2020-03-20,2020-03-23,8,3
2020-03-20,2020-03-24,5,4
2020-03-20,2020-03-25,3,5
2020-03-20,2020-03-26,5,6
2020-03-20,2020-03-27,3,7
2020-03-20,2020-03-28,3,8
2020-03-20,2020-03-30,1,10
2020-03-20,2020-04-01,1,12
2020-03-20,2020-04-05,1,16
2020-03-20,2020-04-09,1,20
2020-03-21,2020-03-23,6,2
2020-03-21,2020-03-24,3,3
2020-03-21,2020-03-25,2,4
2020-03-21,2020-03-26,3,5
2020-03-21,2020-03-27,4,6
2020-03-21,2020-03-28,3,7
2020-03-21,2020-03-29,3,8
2020-03-21,2020-03-30,2,9
2020-03-21,2020-04-03,1,13
2020-03-21,2020-04-05,1,15
2020-03-21,2020-04-06,1,16
2020-03-21,2020-04-09,1,19
2020-03-22,2020-03-23,2,1
2020-03-22,2020-03-24,5,2
2020-03-22,2020-03-25,3,3
2020-03-22,2020-03-26,4,4
2020-03-22,2020-03-27,4,5
2020-03-22,2020-03-28,5,6
2020-03-22,2020-03-29,2,7
2020-03-22,2020-03-30,2,8
2020-03-22,2020-03-31,3,9
2020-03-22,2020-04-04,1,13
2020-03-23,2020-03-24,1,1
2020-03-23,2020-03-25,4,2
2020-03-23,2020-03-26,7,3
2020-03-23,2020-03-27,7,4
2020-03-23,2020-03-28,2,5
2020-03-23,2020-03-29,6,6
2020-03-23,2020-03-30,1,7
2020-03-23,2020-03-31,1,8
2020-03-23,2020-04-01,5,9
2020-03-23,2020-04-02,1,10
2020-03-23,2020-04-03,2,11
2020-03-23,2020-04-05,1,13
2020-03-23,2020-04-06,2,14
2020-03-23,2020-04-07,1,15
2020-03-24,2020-03-25,1,1
2020-03-24,2020-03-26,6,2
2020-03-24,2020-03-27,9,3
2020-03-24,2020-03-28,5,4
2020-03-24,2020-03-29,6,5
2020-03-24,2020-03-30,2,6
2020-03-24,2020-03-31,1,7
2020-03-24,2020-04-01,2,8
2020-03-24,2020-04-02,4,9
2020-03-24,2020-04-03,2,10
2020-03-24,2020-04-04,1,11
2020-03-24,2020-04-06,1,13
2020-03-24,2020-04-22,1,29
2020-03-25,2020-03-26,4,1
2020-03-25,2020-03-27,6,2
2020-03-25,2020-03-28,6,3
2020-03-25,2020-03-29,5,4
2020-03-25,2020-03-31,1,6
2020-03-25,2020-04-01,2,7
2020-03-25,2020-04-02,3,8
2020-03-25,2020-04-03,2,9
2020-03-25,2020-04-04,2,10
2020-03-25,2020-04-05,1,11
2020-03-25,2020-04-09,2,15
2020-03-25,2020-04-11,2,17
2020-03-25,2020-04-13,1,19
2020-03-26,2020-03-27,7,1
2020-03-26,2020-03-28,9,2
2020-03-26,2020-03-29,7,3
2020-03-26,2020-03-30,1,4
2020-03-26,2020-04-01,3,6
2020-03-26,2020-04-02,1,7
2020-03-26,2020-04-03,2,8
2020-03-26,2020-04-10,1,15
2020-03-26,2020-04-23,1,28
2020-03-27,2020-03-28,5,1
2020-03-27,2020-03-29,7,2
2020-03-27,2020-03-30,7,3
2020-03-27,2020-03-31,7,4
2020-03-27,2020-04-01,4,5
2020-03-27,2020-04-02,1,6
2020-03-27,2020-04-03,2,7
2020-03-27,2020-04-06,3,10
2020-03-27,2020-04-09,1,13
2020-03-28,2020-03-29,2,1
2020-03-28,2020-03-30,3,2
2020-03-28,2020-03-31,2,3
2020-03-28,2020-04-01,4,4
2020-03-28,2020-04-03,1,6
2020-03-28,2020-04-05,1,8
2020-03-28,2020-04-06,1,9
2020-03-28,2020-04-10,1,13
2020-03-28,2020-04-11,1,14
2020-03-28,2020-04-25,1,28
2020-03-29,2020-03-30,5,1
2020-03-29,2020-03-31,5,2
2020-03-29,2020-04-01,5,3
2020-03-29,2020-04-02,4,4
2020-03-29,2020-04-03,3,5
2020-03-29,2020-04-04,2,6
2020-03-29,2020-04-07,1,9
2020-03-29,2020-04-09,1,11
2020-03-29,2020-04-13,1,15
2020-03-30,2020-03-31,2,1
2020-03-30,2020-04-01,2,2
2020-03-30,2020-04-02,3,3
2020-03-30,2020-04-03,1,4
2020-03-30,2020-04-04,2,5
2020-03-30,2020-04-05,1,6
2020-03-30,2020-04-06,1,7
2020-03-30,2020-04-08,3,9
2020-03-30,2020-04-10,2,11
2020-03-31,2020-04-01,4,1
2020-03-31,2020-04-02,5,2
2020-03-31,2020-04-03,5,3
2020-03-31,2020-04-04,1,4
2020-03-31,2020-04-05,3,5
2020-03-31,2020-04-06,1,6
2020-03-31,2020-04-07,1,7
2020-03-31,2020-04-08,1,8
2020-03-31,2020-04-11,2,11
2020-04-01,2020-04-02,2,1
2020-04-01,2020-04-03,1,2
2020-04-01,2020-04-04,1,3
2020-04-01,2020-04-05,1,4
2020-04-01,2020-04-06,1,5
2020-04-01,2020-04-07,1,6
2020-04-01,2020-04-08,4,7
2020-04-01,2020-04-11,1,10
2020-04-01,2020-04-12,1,11
2020-04-02,2020-04-03,5,1
2020-04-02,2020-04-04,1,2
2020-04-02,2020-04-05,1,3
2020-04-02,2020-04-07,1,5
2020-04-02,2020-04-08,1,6
2020-04-02,2020-04-10,1,8
2020-04-02,2020-04-17,1,15
2020-04-03,2020-04-05,3,2
2020-04-03,2020-04-06,2,3
2020-04-03,2020-04-07,3,4
2020-04-03,2020-04-08,2,5
2020-04-04,2020-04-06,1,2
2020-04-04,2020-04-07,3,3
2020-04-04,2020-04-08,3,4
2020-04-04,2020-04-09,1,5
2020-04-05,2020-04-07,1,2
2020-04-05,2020-04-08,1,3
2020-04-05,2020-04-09,1,4
2020-04-06,2020-04-07,2,1
2020-04-06,2020-04-19,1,13
2020-04-07,2020-04-08,1,1
2020-04-07,2020-04-11,1,4
2020-04-07,2020-04-21,1,14
2020-04-08,2020-04-09,2,1
2020-04-08,2020-04-10,2,2
2020-04-08,2020-04-12,2,4
2020-04-08,2020-05-10,1,32
2020-04-09,2020-04-10,1,1
2020-04-10,2020-05-27,1,47
2020-04-11,2020-04-17,1,6
2020-04-11,2020-05-04,1,23
2020-04-13,2020-04-16,1,3
2020-04-15,2020-04-21,1,6
2020-04-16,2020-04-18,1,2
2020-04-16,2020-05-22,1,36
2020-04-25,2020-06-01,1,37
2020-04-27,2020-06-01,1,35
2020-05-05,2020-06-22,1,48
2020-05-08,2020-05-13,1,5
2020-05-11,2020-05-13,1,2
2020-05-12,2020-05-13,1,1
2020-05-15,2020-05-17,1,2
2020-05-16,2020-05-21,1,5
2020-05-20,2020-05-21,2,1
2020-05-22,2020-05-31,1,9
2020-05-25,2020-06-22,1,28
2020-05-26,2020-05-31,1,5
2020-05-29,2020-06-02,1,4
2020-05-30,2020-06-02,1,3
2020-05-31,2020-06-12,1,12
2020-05-31,2020-06-15,1,15
2020-06-01,2020-06-02,2,1
2020-06-03,2020-06-01,1,-2
2020-06-03,2020-06-04,1,1
2020-06-03,2020-06-23,1,20
2020-06-04,2020-06-04,1,0
2020-06-04,2020-06-06,2,2
2020-06-04,2020-06-13,1,9
2020-06-06,2020-06-08,1,2
2020-06-08,2020-06-17,1,9
2020-06-10,2020-06-18,1,8
2020-06-12,2020-06-19,1,7
2020-06-13,2020-06-24,1,11
2020-06-17,2020-06-26,1,9
2020-06-18,2020-06-22,1,4
2020-06-18,2020-06-23,1,5
2020-06-19,2020-06-20,1,1
2020-06-19,2020-06-21,1,2
2020-06-20,2020-06-22,3,2
2020-06-21,2020-06-22,1,1
2020-06-21,2020-06-25,1,4
2020-06-21,2020-06-26,1,5
2020-06-22,2020-06-25,2,3
2020-06-22,2020-07-03,1,11
2020-06-23,2020-06-24,1,1
2020-06-23,2020-06-25,1,2
2020-06-24,2020-06-26,1,2
2020-06-25,2020-06-29,1,4
2020-06-25,2020-07-01,1,6
2020-06-25,2020-07-04,1,9
2020-06-25,2020-07-07,1,12
2020-06-25,2020-07-19,1,24
2020-06-26,2020-07-01,1,5
2020-06-27,2020-06-28,1,1
2020-06-27,2020-06-29,1,2
2020-06-29,2020-06-30,1,1
2020-06-29,2020-07-03,1,4
2020-06-29,2020-07-07,1,8
2020-06-30,2020-07-01,3,1
2020-06-30,2020-07-05,1,5
2020-06-30,2020-07-10,1,10
2020-07-01,2020-07-02,2,1
2020-07-01,2020-07-04,2,3
2020-07-01,2020-07-12,2,11
2020-07-01,2020-07-13,1,12
2020-07-01,2020-07-17,2,16
2020-07-02,2020-07-02,2,0
2020-07-02,2020-07-04,1,2
2020-07-02,2020-07-05,1,3
2020-07-02,2020-07-08,1,6
2020-07-02,2020-07-12,1,10
2020-07-03,2020-07-07,1,4
2020-07-03,2020-07-08,3,5
2020-07-03,2020-07-10,1,7
2020-07-03,2020-07-12,1,9
2020-07-03,2020-07-22,1,19
2020-07-04,2020-07-05,1,1
2020-07-04,2020-07-06,2,2
2020-07-04,2020-07-07,3,3
2020-07-04,2020-07-08,2,4
2020-07-04,2020-07-09,1,5
2020-07-04,2020-07-11,1,7
2020-07-05,2020-07-08,1,3
2020-07-05,2020-07-10,5,5
2020-07-05,2020-07-11,2,6
2020-07-05,2020-07-12,1,7
2020-07-05,2020-07-14,1,9
2020-07-06,2020-07-07,1,1
2020-07-06,2020-07-08,5,2
2020-07-06,2020-07-09,4,3
2020-07-06,2020-07-10,2,4
2020-07-06,2020-07-11,2,5
2020-07-06,2020-07-12,3,6
2020-07-06,2020-07-13,4,7
2020-07-06,2020-07-21,1,15
2020-07-06,2020-07-25,1,19
2020-07-07,2020-07-08,7,1
2020-07-07,2020-07-09,6,2
2020-07-07,2020-07-10,6,3
2020-07-07,2020-07-11,4,4
2020-07-07,2020-07-12,4,5
2020-07-07,2020-07-13,5,6
2020-07-07,2020-07-14,3,7
2020-07-07,2020-07-16,2,9
2020-07-07,2020-07-17,1,10
2020-07-07,2020-07-28,1,21
2020-07-08,2020-07-09,4,1
2020-07-08,2020-07-10,5,2
2020-07-08,2020-07-11,1,3
2020-07-08,2020-07-12,6,4
2020-07-08,2020-07-13,1,5
2020-07-08,2020-07-14,3,6
2020-07-08,2020-07-16,2,8
2020-07-08,2020-07-17,2,9
2020-07-08,2020-07-18,1,10
2020-07-08,2020-07-19,2,11
2020-07-08,2020-07-22,1,14
2020-07-08,2020-07-23,1,15
2020-07-09,2020-07-09,3,0
2020-07-09,2020-07-10,4,1
2020-07-09,2020-07-11,2,2
2020-07-09,2020-07-12,8,3
2020-07-09,2020-07-13,8,4
2020-07-09,2020-07-14,1,5
2020-07-09,2020-07-16,5,7
2020-07-09,2020-07-17,1,8
2020-07-09,2020-07-18,1,9
2020-07-09,2020-07-19,1,10
2020-07-09,2020-07-20,1,11
2020-07-09,2020-07-22,1,13
2020-07-09,2020-07-24,1,15
2020-07-09,2020-07-31,1,22
2020-07-10,2020-07-11,1,1
2020-07-10,2020-07-12,3,2
2020-07-10,2020-07-13,6,3
2020-07-10,2020-07-14,8,4
2020-07-10,2020-07-15,3,5
2020-07-10,2020-07-16,8,6
2020-07-10,2020-07-17,5,7
2020-07-10,2020-07-18,1,8
2020-07-10,2020-07-19,3,9
2020-07-10,2020-07-20,2,10
2020-07-10,2020-07-22,1,12
2020-07-10,2020-07-23,1,13
2020-07-10,2020-07-29,1,19
2020-07-10,2020-07-30,1,20
2020-07-10,2020-07-31,1,21
2020-07-11,2020-07-12,2,1
2020-07-11,2020-07-13,9,2
2020-07-11,2020-07-14,7,3
2020-07-11,2020-07-15,2,4
2020-07-11,2020-07-16,4,5
2020-07-11,2020-07-17,5,6
2020-07-11,2020-07-18,3,7
2020-07-11,2020-07-19,5,8
2020-07-11,2020-07-20,2,9
2020-07-11,2020-07-21,2,10
2020-07-11,2020-07-23,2,12
2020-07-12,2020-07-13,8,1
2020-07-12,2020-07-14,9,2
2020-07-12,2020-07-15,2,3
2020-07-12,2020-07-16,6,4
2020-07-12,2020-07-17,4,5
2020-07-12,2020-07-18,9,6
2020-07-12,2020-07-19,7,7
2020-07-12,2020-07-20,2,8
2020-07-12,2020-07-21,2,9
2020-07-12,2020-07-23,2,11
2020-07-12,2020-07-31,1,19
2020-07-13,2020-07-14,5,1
2020-07-13,2020-07-15,6,2
2020-07-13,2020-07-16,11,3
2020-07-13,2020-07-17,5,4
2020-07-13,2020-07-18,6,5
2020-07-13,2020-07-19,9,6
2020-07-13,2020-07-20,6,7
2020-07-13,2020-07-22,4,9
2020-07-13,2020-07-23,3,10
2020-07-13,2020-07-24,1,11
2020-07-13,2020-07-25,1,12
2020-07-13,2020-07-26,1,13
2020-07-14,2020-07-15,1,1
2020-07-14,2020-07-16,15,2
2020-07-14,2020-07-17,4,3
2020-07-14,2020-07-18,7,4
2020-07-14,2020-07-19,18,5
2020-07-14,2020-07-20,5,6
2020-07-14,2020-07-21,5,7
2020-07-14,2020-07-22,8,8
2020-07-14,2020-07-23,5,9
2020-07-14,2020-07-24,1,10
2020-07-14,2020-07-25,4,11
2020-07-14,2020-07-28,1,14
2020-07-14,2020-07-31,2,17
2020-07-14,2020-08-07,1,24
2020-07-15,2020-07-16,5,1
2020-07-15,2020-07-17,10,2
2020-07-15,2020-07-18,13,3
2020-07-15,2020-07-19,10,4
2020-07-15,2020-07-20,9,5
2020-07-15,2020-07-21,4,6
2020-07-15,2020-07-22,11,7
2020-07-15,2020-07-23,4,8
2020-07-15,2020-07-24,5,9
2020-07-15,2020-07-25,6,10
2020-07-15,2020-07-26,1,11
2020-07-15,2020-07-27,1,12
2020-07-15,2020-07-28,1,13
2020-07-15,2020-07-29,1,14
2020-07-15,2020-07-30,1,15
2020-07-15,2020-08-02,1,18
2020-07-16,2020-07-17,8,1
2020-07-16,2020-07-18,8,2
2020-07-16,2020-07-19,10,3
2020-07-16,2020-07-20,8,4
2020-07-16,2020-07-21,7,5
2020-07-16,2020-07-22,18,6
2020-07-16,2020-07-23,8,7
2020-07-16,2020-07-24,8,8
2020-07-16,2020-07-25,4,9
2020-07-16,2020-07-26,3,10
2020-07-16,2020-07-27,2,11
2020-07-16,2020-07-28,1,12
2020-07-16,2020-07-30,1,14
2020-07-16,2020-07-31,1,15
2020-07-16,2020-08-01,1,16
2020-07-16,2020-08-08,1,23
2020-07-17,2020-07-17,1,0
2020-07-17,2020-07-18,5,1
2020-07-17,2020-07-19,9,2
2020-07-17,2020-07-20,9,3
2020-07-17,2020-07-21,14,4
2020-07-17,2020-07-22,23,5
2020-07-17,2020-07-23,11,6
2020-07-17,2020-07-24,7,7
2020-07-17,2020-07-25,5,8
2020-07-17,2020-07-26,3,9
2020-07-17,2020-07-27,5,10
2020-07-17,2020-07-28,2,11
2020-07-17,2020-07-29,1,12
2020-07-17,2020-07-30,1,13
2020-07-17,2020-08-01,1,15
2020-07-18,2020-07-19,4,1
2020-07-18,2020-07-20,16,2
2020-07-18,2020-07-21,13,3
2020-07-18,2020-07-22,8,4
2020-07-18,2020-07-23,15,5
2020-07-18,2020-07-24,6,6
2020-07-18,2020-07-25,10,7
2020-07-18,2020-07-26,2,8
2020-07-18,2020-07-27,8,9
2020-07-18,2020-07-28,4,10
2020-07-18,2020-08-01,2,14
2020-07-18,2020-08-02,1,15
2020-07-19,2020-07-20,3,1
2020-07-19,2020-07-21,6,2
2020-07-19,2020-07-22,14,3
2020-07-19,2020-07-23,17,4
2020-07-19,2020-07-24,10,5
2020-07-19,2020-07-25,5,6
2020-07-19,2020-07-26,4,7
2020-07-19,2020-07-27,3,8
2020-07-19,2020-07-28,3,9
2020-07-19,2020-07-30,1,11
2020-07-19,2020-07-31,4,12
2020-07-19,2020-08-03,1,15
2020-07-19,2020-08-07,1,19
2020-07-20,2020-07-22,7,2
2020-07-20,2020-07-23,10,3
2020-07-20,2020-07-24,22,4
2020-07-20,2020-07-25,14,5
2020-07-20,2020-07-26,11,6
2020-07-20,2020-07-27,16,7
2020-07-20,2020-07-28,6,8
2020-07-20,2020-07-29,3,9
2020-07-20,2020-07-30,5,10
2020-07-20,2020-07-31,3,11
2020-07-20,2020-08-01,2,12
2020-07-20,2020-08-02,2,13
2020-07-20,2020-08-05,1,16
2020-07-20,2020-08-06,1,17
2020-07-20,2020-08-08,1,19
2020-07-21,2020-07-22,2,1
2020-07-21,2020-07-23,12,2
2020-07-21,2020-07-24,17,3
2020-07-21,2020-07-25,17,4
2020-07-21,2020-07-26,16,5
2020-07-21,2020-07-27,11,6
2020-07-21,2020-07-28,4,7
2020-07-21,2020-07-29,5,8
2020-07-21,2020-07-30,7,9
2020-07-21,2020-07-31,5,10
2020-07-21,2020-08-02,4,12
2020-07-21,2020-08-03,1,13
2020-07-21,2020-08-04,1,14
2020-07-21,2020-08-05,1,15
2020-07-21,2020-08-08,1,18
2020-07-22,2020-07-23,4,1
2020-07-22,2020-07-24,15,2
2020-07-22,2020-07-25,25,3
2020-07-22,2020-07-26,10,4
2020-07-22,2020-07-27,10,5
2020-07-22,2020-07-28,9,6
2020-07-22,2020-07-29,9,7
2020-07-22,2020-07-30,13,8
2020-07-22,2020-07-31,1,9
2020-07-22,2020-08-01,5,10
2020-07-22,2020-08-02,4,11
2020-07-22,2020-08-05,1,14
2020-07-22,2020-08-07,1,16
2020-07-23,2020-07-24,2,1
2020-07-23,2020-07-25,14,2
2020-07-23,2020-07-26,17,3
2020-07-23,2020-07-27,22,4
2020-07-23,2020-07-28,8,5
2020-07-23,2020-07-29,15,6
2020-07-23,2020-07-30,7,7
2020-07-23,2020-07-31,7,8
2020-07-23,2020-08-01,3,9
2020-07-23,2020-08-02,2,10
2020-07-23,2020-08-03,1,11
2020-07-23,2020-08-04,2,12
2020-07-23,2020-08-05,1,13
2020-07-23,2020-08-06,1,14
2020-07-24,2020-07-24,1,0
2020-07-24,2020-07-25,2,1
2020-07-24,2020-07-26,20,2
2020-07-24,2020-07-27,17,3
2020-07-24,2020-07-28,11,4
2020-07-24,2020-07-29,14,5
2020-07-24,2020-07-30,13,6
2020-07-24,2020-07-31,10,7
2020-07-24,2020-08-01,10,8
2020-07-24,2020-08-02,4,9
2020-07-24,2020-08-03,1,10
2020-07-24,2020-08-05,1,12
2020-07-24,2020-08-06,1,13
2020-07-24,2020-08-07,4,14
2020-07-24,2020-08-08,1,15
2020-07-24,2020-08-09,1,16
2020-07-24,2020-08-10,1,17
2020-07-24,2020-08-12,1,19
2020-07-24,2020-08-13,1,20
2020-07-25,2020-07-26,6,1
2020-07-25,2020-07-27,28,2
2020-07-25,2020-07-28,8,3
2020-07-25,2020-07-29,17,4
2020-07-25,2020-07-30,18,5
2020-07-25,2020-07-31,9,6
2020-07-25,2020-08-01,5,7
2020-07-25,2020-08-02,11,8
2020-07-25,2020-08-03,2,9
2020-07-25,2020-08-04,4,10
2020-07-25,2020-08-05,4,11
2020-07-25,2020-08-06,1,12
2020-07-25,2020-08-07,3,13
2020-07-25,2020-08-08,2,14
2020-07-25,2020-08-12,1,18
2020-07-26,2020-07-26,2,0
2020-07-26,2020-07-27,3,1
2020-07-26,2020-07-28,21,2
2020-07-26,2020-07-29,15,3
2020-07-26,2020-07-30,14,4
2020-07-26,2020-07-31,9,5
2020-07-26,2020-08-01,12,6
2020-07-26,2020-08-02,4,7
2020-07-26,2020-08-03,3,8
2020-07-26,2020-08-05,4,10
2020-07-26,2020-08-06,3,11
2020-07-26,2020-08-07,4,12
2020-07-26,2020-08-08,2,13
2020-07-26,2020-08-09,1,14
2020-07-26,2020-08-11,1,16
2020-07-27,2020-07-26,1,-1
2020-07-27,2020-07-27,1,0
2020-07-27,2020-07-28,3,1
2020-07-27,2020-07-29,18,2
2020-07-27,2020-07-30,24,3
2020-07-27,2020-07-31,19,4
2020-07-27,2020-08-01,21,5
2020-07-27,2020-08-02,12,6
2020-07-27,2020-08-03,10,7
2020-07-27,2020-08-04,6,8
2020-07-27,2020-08-05,2,9
2020-07-27,2020-08-06,5,10
2020-07-27,2020-08-07,1,11
2020-07-27,2020-08-08,3,12
2020-07-27,2020-08-09,3,13
2020-07-27,2020-08-10,3,14
2020-07-28,2020-07-28,1,0
2020-07-28,2020-07-29,2,1
2020-07-28,2020-07-30,15,2
2020-07-28,2020-07-31,14,3
2020-07-28,2020-08-01,19,4
2020-07-28,2020-08-02,12,5
2020-07-28,2020-08-03,5,6
2020-07-28,2020-08-04,7,7
2020-07-28,2020-08-05,10,8
2020-07-28,2020-08-06,4,9
2020-07-28,2020-08-07,3,10
2020-07-28,2020-08-09,1,12
2020-07-29,2020-07-30,4,1
2020-07-29,2020-07-31,10,2
2020-07-29,2020-08-01,19,3
2020-07-29,2020-08-02,15,4
2020-07-29,2020-08-03,12,5
2020-07-29,2020-08-04,4,6
2020-07-29,2020-08-05,2,7
2020-07-29,2020-08-06,4,8
2020-07-29,2020-08-07,4,9
2020-07-29,2020-08-09,1,11
2020-07-29,2020-08-10,2,12
2020-07-29,2020-08-11,2,13
2020-07-29,2020-08-18,1,20
2020-07-30,2020-07-30,1,0
2020-07-30,2020-07-31,3,1
2020-07-30,2020-08-01,9,2
2020-07-30,2020-08-02,11,3
2020-07-30,2020-08-03,9,4
2020-07-30,2020-08-04,8,5
2020-07-30,2020-08-05,5,6
2020-07-30,2020-08-06,6,7
2020-07-30,2020-08-07,1,8
2020-07-30,2020-08-08,5,9
2020-07-30,2020-08-11,1,12
2020-07-30,2020-08-14,1,15
2020-07-30,2020-08-15,1,16
2020-07-31,2020-07-31,1,0
2020-07-31,2020-08-02,9,2
2020-07-31,2020-08-03,16,3
2020-07-31,2020-08-04,5,4
2020-07-31,2020-08-05,6,5
2020-07-31,2020-08-06,4,6
2020-07-31,2020-08-07,5,7
2020-07-31,2020-08-08,2,8
2020-07-31,2020-08-09,2,9
2020-07-31,2020-08-10,4,10
2020-07-31,2020-08-11,1,11
2020-07-31,2020-08-13,1,13
2020-07-31,2020-08-14,1,14
2020-07-31,2020-08-16,1,16
2020-08-01,2020-08-02,3,1
2020-08-01,2020-08-03,5,2
2020-08-01,2020-08-04,12,3
2020-08-01,2020-08-05,12,4
2020-08-01,2020-08-06,6,5
2020-08-01,2020-08-07,5,6
2020-08-01,2020-08-08,5,7
2020-08-01,2020-08-09,2,8
2020-08-01,2020-08-10,1,9
2020-08-01,2020-08-11,1,10
2020-08-01,2020-08-12,6,11
2020-08-01,2020-08-13,1,12
2020-08-01,2020-08-15,1,14
2020-08-02,2020-08-03,3,1
2020-08-02,2020-08-04,11,2
2020-08-02,2020-08-05,5,3
2020-08-02,2020-08-06,14,4
2020-08-02,2020-08-07,6,5
2020-08-02,2020-08-08,1,6
2020-08-02,2020-08-09,2,7
2020-08-02,2020-08-10,4,8
2020-08-02,2020-08-11,1,9
2020-08-02,2020-08-12,1,10
2020-08-02,2020-08-13,1,11
2020-08-02,2020-08-17,1,15
2020-08-03,2020-08-05,9,2
2020-08-03,2020-08-06,11,3
2020-08-03,2020-08-07,12,4
2020-08-03,2020-08-08,7,5
2020-08-03,2020-08-09,6,6
2020-08-03,2020-08-10,2,7
2020-08-03,2020-08-11,2,8
2020-08-03,2020-08-12,1,9
2020-08-03,2020-08-13,1,10
2020-08-03,2020-08-14,1,11
2020-08-03,2020-08-15,1,12
2020-08-03,2020-08-26,1,23
2020-08-04,2020-08-05,2,1
2020-08-04,2020-08-06,8,2
2020-08-04,2020-08-07,8,3
2020-08-04,2020-08-08,5,4
2020-08-04,2020-08-09,12,5
2020-08-04,2020-08-10,3,6
2020-08-04,2020-08-11,2,7
2020-08-04,2020-08-12,2,8
2020-08-04,2020-08-13,1,9
2020-08-04,2020-08-14,1,10
2020-08-04,2020-08-16,2,12
2020-08-04,2020-08-17,1,13
2020-08-05,2020-08-07,6,2
2020-08-05,2020-08-08,10,3
2020-08-05,2020-08-09,9,4
2020-08-05,2020-08-10,5,5
2020-08-05,2020-08-11,2,6
2020-08-05,2020-08-12,13,7
2020-08-05,2020-08-13,2,8
2020-08-05,2020-08-16,2,11
2020-08-05,2020-08-22,1,17
2020-08-06,2020-08-07,4,1
2020-08-06,2020-08-08,6,2
2020-08-06,2020-08-09,7,3
2020-08-06,2020-08-10,7,4
2020-08-06,2020-08-12,5,6
2020-08-06,2020-08-13,2,7
2020-08-06,2020-08-14,1,8
2020-08-07,2020-08-08,2,1
2020-08-07,2020-08-09,4,2
2020-08-07,2020-08-10,8,3
2020-08-07,2020-08-11,2,4
2020-08-07,2020-08-12,6,5
2020-08-07,2020-08-13,8,6
2020-08-07,2020-08-14,3,7
2020-08-07,2020-08-15,3,8
2020-08-07,2020-08-18,3,11
2020-08-07,2020-08-28,1,21
2020-08-08,2020-08-09,1,1
2020-08-08,2020-08-10,6,2
2020-08-08,2020-08-11,4,3
2020-08-08,2020-08-12,5,4
2020-08-08,2020-08-13,10,5
2020-08-08,2020-08-14,2,6
2020-08-08,2020-08-16,2,8
2020-08-08,2020-08-17,3,9
2020-08-08,2020-08-19,1,11
2020-08-09,2020-08-10,1,1
2020-08-09,2020-08-11,7,2
2020-08-09,2020-08-12,7,3
2020-08-09,2020-08-13,7,4
2020-08-09,2020-08-14,1,5
2020-08-09,2020-08-15,5,6
2020-08-09,2020-08-16,3,7
2020-08-09,2020-08-17,1,8
2020-08-10,2020-08-12,9,2
2020-08-10,2020-08-13,9,3
2020-08-10,2020-08-14,2,4
2020-08-10,2020-08-15,1,5
2020-08-10,2020-08-16,6,6
2020-08-10,2020-08-17,4,7
2020-08-10,2020-08-18,1,8
2020-08-10,2020-08-19,1,9
2020-08-10,2020-08-20,2,10
2020-08-10,2020-08-22,1,12
2020-08-11,2020-08-13,5,2
2020-08-11,2020-08-14,7,3
2020-08-11,2020-08-15,7,4
2020-08-11,2020-08-16,3,5
2020-08-11,2020-08-18,1,7
2020-08-11,2020-08-19,1,8
2020-08-11,2020-08-20,1,9
2020-08-12,2020-08-13,3,1
2020-08-12,2020-08-14,3,2
2020-08-12,2020-08-15,9,3
2020-08-12,2020-08-16,9,4
2020-08-12,2020-08-19,2,7
2020-08-12,2020-08-28,1,16
2020-08-13,2020-08-15,5,2
2020-08-13,2020-08-16,9,3
2020-08-13,2020-08-17,4,4
2020-08-13,2020-08-18,1,5
2020-08-13,2020-08-19,2,6
2020-08-13,2020-08-20,1,7
2020-08-13,2020-08-27,1,14
2020-08-13,2020-08-28,1,15
2020-08-14,2020-08-16,9,2
2020-08-14,2020-08-17,4,3
2020-08-14,2020-08-18,2,4
2020-08-14,2020-08-19,2,5
2020-08-14,2020-08-22,1,8
2020-08-14,2020-08-23,1,9
2020-08-14,2020-08-25,1,11
2020-08-14,2020-08-26,1,12
2020-08-15,2020-08-16,2,1
2020-08-15,2020-08-17,4,2
2020-08-15,2020-08-18,7,3
2020-08-15,2020-08-19,2,4
2020-08-15,2020-08-20,3,5
2020-08-15,2020-08-22,1,7
2020-08-16,2020-08-17,1,1
2020-08-16,2020-08-18,8,2
2020-08-16,2020-08-19,3,3
2020-08-16,2020-08-20,2,4
2020-08-16,2020-08-22,2,6
2020-08-16,2020-08-23,3,7
2020-08-16,2020-08-24,1,8
2020-08-16,2020-08-25,1,9
2020-08-16,2020-08-26,1,10
2020-08-16,2020-08-28,1,12
2020-08-16,2020-08-30,1,14
2020-08-17,2020-08-19,2,2
2020-08-17,2020-08-20,1,3
2020-08-17,2020-08-21,4,4
2020-08-17,2020-08-22,4,5
2020-08-17,2020-08-23,2,6
2020-08-17,2020-08-24,1,7
2020-08-17,2020-08-25,3,8
2020-08-17,2020-08-29,1,12
2020-08-17,2020-08-30,1,13
2020-08-18,2020-08-20,1,2
2020-08-18,2020-08-21,4,3
2020-08-18,2020-08-22,4,4
2020-08-18,2020-08-23,2,5
2020-08-18,2020-08-27,1,9
2020-08-18,2020-09-04,1,17
2020-08-19,2020-08-21,8,2
2020-08-19,2020-08-22,2,3
2020-08-19,2020-08-23,2,4
2020-08-19,2020-08-24,2,5
2020-08-19,2020-08-25,1,6
2020-08-19,2020-08-28,1,9
2020-08-19,2020-08-29,1,10
2020-08-20,2020-08-21,2,1
2020-08-20,2020-08-22,3,2
2020-08-20,2020-08-23,2,3
2020-08-20,2020-08-24,1,4
2020-08-20,2020-08-25,2,5
2020-08-20,2020-08-26,2,6
2020-08-20,2020-08-27,2,7
2020-08-20,2020-09-03,1,14
2020-08-20,2020-09-06,1,17
2020-08-21,2020-08-22,1,1
2020-08-21,2020-08-23,1,2
2020-08-21,2020-08-25,3,4
2020-08-21,2020-08-26,5,5
2020-08-21,2020-08-28,1,7
2020-08-21,2020-08-29,1,8
2020-08-21,2020-08-31,1,10
2020-08-21,2020-09-01,1,11
2020-08-22,2020-08-24,1,2
2020-08-22,2020-08-25,3,3
2020-08-22,2020-08-26,2,4
2020-08-22,2020-09-01,1,10
2020-08-22,2020-09-04,1,13
2020-08-22,2020-09-06,1,15
2020-08-23,2020-08-25,1,2
2020-08-23,2020-08-27,3,4
2020-08-24,2020-08-26,2,2
2020-08-24,2020-08-27,2,3
2020-08-24,2020-08-29,1,5
2020-08-25,2020-08-27,4,2
2020-08-25,2020-08-28,1,3
2020-08-25,2020-08-29,1,4
2020-08-25,2020-08-30,1,5
2020-08-25,2020-08-31,1,6
2020-08-25,2020-09-03,1,9
2020-08-26,2020-08-28,1,2
2020-08-26,2020-08-29,5,3
2020-08-26,2020-09-02,1,7
2020-08-26,2020-09-03,1,8
2020-08-27,2020-08-28,1,1
2020-08-27,2020-08-29,2,2
2020-08-27,2020-08-30,2,3
2020-08-27,2020-08-31,1,4
2020-08-27,2020-09-01,1,5
2020-08-27,2020-09-02,3,6
2020-08-28,2020-08-30,3,2
2020-08-28,2020-08-31,2,3
2020-08-29,2020-08-31,1,2
2020-08-29,2020-09-01,2,3
2020-08-29,2020-09-06,3,8
2020-08-30,2020-09-01,1,2
2020-08-30,2020-09-02,3,3
2020-08-30,2020-09-09,1,10
2020-08-31,2020-09-05,1,5
2020-08-31,2020-09-07,1,7
2020-08-31,2020-09-10,1,10
2020-08-31,2020-09-11,1,11
2020-08-31,2020-09-13,1,13
2020-09-01,2020-09-02,1,1
2020-09-01,2020-09-03,2,2
2020-09-01,2020-09-04,1,3
2020-09-01,2020-09-05,2,4
2020-09-01,2020-09-07,1,6
2020-09-01,2020-09-10,1,9
2020-09-01,2020-09-12,1,11
2020-09-02,2020-09-04,2,2
2020-09-02,2020-09-05,2,3
2020-09-02,2020-09-06,3,4
2020-09-02,2020-09-07,1,5
2020-09-02,2020-09-08,1,6
2020-09-03,2020-09-04,1,1
2020-09-03,2020-09-07,2,4
2020-09-03,2020-09-08,1,5
2020-09-03,2020-09-09,1,6
2020-09-03,2020-09-14,1,11
2020-09-04,2020-09-06,1,2
2020-09-04,2020-09-12,1,8
2020-09-04,2020-09-13,1,9
2020-09-05,2020-09-07,1,2
2020-09-05,2020-09-12,1,7
2020-09-05,2020-09-13,1,8
2020-09-06,2020-09-09,1,3
2020-09-06,2020-09-12,1,6
2020-09-06,2020-09-14,1,8
2020-09-06,2020-09-18,1,12
2020-09-07,2020-09-13,1,6
2020-09-08,2020-09-10,2,2
2020-09-08,2020-09-12,1,4
2020-09-09,2020-09-11,1,2
2020-09-09,2020-09-12,2,3
2020-09-09,2020-09-13,2,4
2020-09-09,2020-09-14,2,5
2020-09-09,2020-09-17,2,8
2020-09-10,2020-09-12,2,2
2020-09-10,2020-09-13,1,3
2020-09-10,2020-09-14,1,4
2020-09-11,2020-09-14,3,3
2020-09-11,2020-09-19,1,8
2020-09-12,2020-09-13,2,1
2020-09-12,2020-09-14,3,2
2020-09-12,2020-09-17,1,5
2020-09-12,2020-09-18,1,6
2020-09-13,2020-09-17,1,4
2020-09-14,2020-09-16,2,2
2020-09-15,2020-09-16,1,1
2020-09-15,2020-09-17,2,2
2020-09-15,2020-09-19,1,4
2020-09-16,2020-09-18,1,2
2020-09-17,2020-09-19,1,2
2020-09-17,2020-09-20,1,3
2020-09-17,2020-09-21,1,4
2020-09-18,2020-09-21,1,3
2020-09-19,2020-09-23,2,4
2020-09-19,2020-09-30,1,11
2020-09-20,2020-09-22,1,2
2020-09-20,2020-09-24,1,4
2020-09-21,2020-09-24,1,3
2020-09-21,2020-09-26,1,5
2020-09-22,2020-09-24,1,2
2020-09-22,2020-09-25,1,3
2020-09-24,2020-09-27,1,3
2020-09-24,2020-10-05,1,11
2020-09-25,2020-10-02,1,7
2020-09-25,2020-10-04,1,9
2020-09-26,2020-09-27,1,1
2020-09-26,2020-09-28,5,2
2020-09-26,2020-10-01,1,5
2020-09-27,2020-10-01,2,4
2020-09-28,2020-10-01,1,3
2020-09-28,2020-10-02,1,4
2020-09-29,2020-09-30,1,1
2020-09-29,2020-10-01,3,2
2020-09-29,2020-10-02,1,3
2020-09-29,2020-10-03,1,4
2020-09-30,2020-10-02,1,2
2020-10-01,2020-10-04,1,3
2020-10-01,2020-10-06,1,5
2020-10-01,2020-10-07,1,6
2020-10-01,2020-10-08,1,7
2020-10-02,2020-10-05,1,3
2020-10-02,2020-10-06,1,4
2020-10-03,2020-10-05,3,2
2020-10-03,2020-10-06,1,3
2020-10-03,2020-10-07,1,4
2020-10-03,2020-10-08,2,5
2020-10-04,2020-10-06,1,2
2020-10-04,2020-10-07,3,3
2020-10-04,2020-10-08,1,4
2020-10-04,2020-10-12,1,8
2020-10-04,2020-10-15,1,11
2020-10-05,2020-10-07,1,2
2020-10-05,2020-10-08,1,3
2020-10-05,2020-10-09,1,4
2020-10-05,2020-10-13,1,8
2020-10-06,2020-10-07,2,1
2020-10-06,2020-10-08,2,2
2020-10-06,2020-10-09,1,3
2020-10-06,2020-10-10,1,4
2020-10-06,2020-10-13,1,7
2020-10-07,2020-10-09,3,2
2020-10-07,2020-10-12,2,5
2020-10-08,2020-10-10,1,2
2020-10-08,2020-10-12,1,4
2020-10-09,2020-10-11,2,2
2020-10-09,2020-10-15,1,6
2020-10-09,2020-10-22,1,13
2020-10-10,2020-10-11,1,1
2020-10-10,2020-10-12,1,2
2020-10-10,2020-10-13,1,3
2020-10-11,2020-10-15,2,4
2020-10-12,2020-10-15,1,3
2020-10-12,2020-10-16,1,4
2020-10-13,2020-10-16,1,3
2020-10-16,2020-10-20,1,4
2020-10-16,2020-11-01,1,16
2020-10-17,2020-10-18,2,1
2020-10-17,2020-10-22,1,5
2020-10-18,2020-10-20,1,2
2020-10-18,2020-10-26,1,8
2020-10-19,2020-10-21,2,2
2020-10-19,2020-11-08,1,20
2020-10-20,2020-10-21,1,1
2020-10-20,2020-10-22,1,2
2020-10-20,2020-10-24,1,4
2020-10-20,2020-10-25,1,5
2020-10-21,2020-10-24,1,3
2020-10-22,2020-10-29,1,7
2020-10-23,2020-10-29,1,6
2020-10-24,2020-10-26,1,2
2020-10-25,2020-10-27,2,2
2020-10-27,2020-10-29,1,2
2020-10-27,2020-10-30,2,3
2020-10-27,2020-11-12,1,16
2020-10-28,2020-11-02,1,5
2020-10-28,2020-11-08,1,11
2020-10-29,2020-10-31,1,2
2020-10-30,2020-11-01,1,2
2020-10-30,2020-11-02,1,3
2020-10-30,2020-11-03,2,4
2020-10-30,2020-11-05,1,6
2020-10-31,2020-11-02,1,2
2020-10-31,2020-11-04,1,4
2020-10-31,2020-11-07,1,7
2020-10-31,2020-11-08,1,8
2020-11-01,2020-11-03,1,2
2020-11-02,2020-11-03,1,1
2020-11-02,2020-11-04,1,2
2020-11-02,2020-11-22,1,20
2020-11-03,2020-11-04,1,1
2020-11-03,2020-11-05,1,2
2020-11-04,2020-11-05,1,1
2020-11-05,2020-11-06,1,1
2020-11-05,2020-11-11,1,6
2020-11-05,2020-11-12,1,7
2020-11-05,2020-11-21,1,16
2020-11-06,2020-11-11,1,5
2020-11-06,2020-11-13,1,7
2020-11-06,2020-11-14,1,8
2020-11-06,2020-11-15,1,9
2020-11-07,2020-11-09,1,2
2020-11-07,2020-11-10,2,3
2020-11-07,2020-11-13,1,6
2020-11-07,2020-11-14,1,7
2020-11-08,2020-11-10,3,2
2020-11-08,2020-11-12,1,4
2020-11-08,2020-11-14,1,6
2020-11-08,2020-11-23,1,15
2020-11-09,2020-11-11,1,2
2020-11-09,2020-11-12,1,3
2020-11-09,2020-11-13,1,4
2020-11-10,2020-11-11,1,1
2020-11-10,2020-11-12,1,2
2020-11-10,2020-11-13,1,3
2020-11-10,2020-11-14,1,4
2020-11-10,2020-11-18,1,8
2020-11-11,2020-11-15,4,4
2020-11-11,2020-11-20,1,9
2020-11-11,2020-11-21,1,10
2020-11-11,2020-11-22,1,11
2020-11-11,2020-11-30,1,19
2020-11-12,2020-11-16,1,4
2020-11-12,2020-11-17,1,5
2020-11-12,2020-11-26,1,14
2020-11-13,2020-11-14,1,1
2020-11-13,2020-11-15,1,2
2020-11-13,2020-11-20,1,7
2020-11-13,2020-11-21,1,8
2020-11-13,2020-12-01,1,18
2020-11-13,2020-12-02,1,19
2020-11-14,2020-11-18,1,4
2020-11-14,2020-11-19,1,5
2020-11-14,2020-11-20,2,6
2020-11-14,2020-11-21,1,7
2020-11-14,2020-11-22,2,8
2020-11-14,2020-11-23,2,9
2020-11-14,2020-12-04,1,20
2020-11-15,2020-11-17,1,2
2020-11-15,2020-11-20,2,5
2020-11-15,2020-11-21,1,6
2020-11-15,2020-11-22,1,7
2020-11-15,2020-11-26,1,11
2020-11-15,2020-12-01,1,16
2020-11-16,2020-11-19,3,3
2020-11-16,2020-11-20,1,4
2020-11-16,2020-11-21,7,5
2020-11-16,2020-11-22,3,6
2020-11-16,2020-11-23,1,7
2020-11-16,2020-11-24,1,8
2020-11-16,2020-12-07,1,21
2020-11-17,2020-11-20,4,3
2020-11-17,2020-11-21,5,4
2020-11-17,2020-11-22,3,5
2020-11-17,2020-11-23,1,6
2020-11-17,2020-11-24,1,7
2020-11-17,2020-11-25,2,8
2020-11-17,2020-11-26,1,9
2020-11-17,2020-11-27,1,10
2020-11-18,2020-11-19,2,1
2020-11-18,2020-11-20,4,2
2020-11-18,2020-11-21,5,3
2020-11-18,2020-11-22,3,4
2020-11-18,2020-11-23,2,5
2020-11-18,2020-11-24,3,6
2020-11-18,2020-11-26,2,8
2020-11-18,2020-11-28,1,10
2020-11-19,2020-11-21,12,2
2020-11-19,2020-11-22,8,3
2020-11-19,2020-11-23,5,4
2020-11-19,2020-11-24,2,5
2020-11-19,2020-11-25,1,6
2020-11-19,2020-11-27,1,8
2020-11-19,2020-11-29,1,10
2020-11-20,2020-11-21,1,1
2020-11-20,2020-11-22,14,2
2020-11-20,2020-11-23,11,3
2020-11-20,2020-11-24,11,4
2020-11-20,2020-11-25,6,5
2020-11-20,2020-11-26,4,6
2020-11-20,2020-11-28,1,8
2020-11-20,2020-11-30,1,10
2020-11-20,2020-12-01,2,11
2020-11-20,2020-12-03,1,13
2020-11-20,2020-12-06,1,16
2020-11-21,2020-11-22,4,1
2020-11-21,2020-11-23,16,2
2020-11-21,2020-11-24,11,3
2020-11-21,2020-11-25,5,4
2020-11-21,2020-11-26,3,5
2020-11-21,2020-11-27,1,6
2020-11-21,2020-12-01,1,10
2020-11-21,2020-12-02,1,11
2020-11-22,2020-11-23,7,1
2020-11-22,2020-11-24,21,2
2020-11-22,2020-11-25,14,3
2020-11-22,2020-11-26,8,4
2020-11-22,2020-11-27,3,5
2020-11-22,2020-11-28,5,6
2020-11-22,2020-11-29,3,7
2020-11-22,2020-11-30,2,8
2020-11-22,2020-12-01,2,9
2020-11-22,2020-12-02,1,10
2020-11-23,2020-11-24,4,1
2020-11-23,2020-11-25,20,2
2020-11-23,2020-11-26,11,3
2020-11-23,2020-11-27,14,4
2020-11-23,2020-11-28,11,5
2020-11-23,2020-11-29,9,6
2020-11-23,2020-11-30,2,7
2020-11-23,2020-12-03,2,10
2020-11-23,2020-12-04,2,11
2020-11-23,2020-12-05,1,12
2020-11-24,2020-11-25,9,1
2020-11-24,2020-11-26,22,2
2020-11-24,2020-11-27,25,3
2020-11-24,2020-11-28,8,4
2020-11-24,2020-11-29,4,5
2020-11-24,2020-11-30,1,6
2020-11-24,2020-12-01,2,7
2020-11-24,2020-12-02,2,8
2020-11-24,2020-12-04,1,10
2020-11-24,2020-12-06,1,12
2020-11-25,2020-11-26,3,1
2020-11-25,2020-11-27,14,2
2020-11-25,2020-11-28,12,3
2020-11-25,2020-11-29,23,4
2020-11-25,2020-11-30,1,5
2020-11-25,2020-12-01,2,6
2020-11-25,2020-12-02,4,7
2020-11-25,2020-12-03,4,8
2020-11-25,2020-12-04,3,9
2020-11-25,2020-12-06,2,11
2020-11-25,2020-12-07,1,12
2020-11-25,2020-12-10,1,15
2020-11-26,2020-11-27,5,1
2020-11-26,2020-11-28,11,2
2020-11-26,2020-11-29,27,3
2020-11-26,2020-11-30,10,4
2020-11-26,2020-12-01,3,5
2020-11-26,2020-12-02,1,6
2020-11-26,2020-12-03,1,7
2020-11-26,2020-12-04,3,8
2020-11-26,2020-12-05,4,9
2020-11-26,2020-12-07,2,11
2020-11-27,2020-11-28,3,1
2020-11-27,2020-11-29,23,2
2020-11-27,2020-11-30,16,3
2020-11-27,2020-12-01,10,4
2020-11-27,2020-12-02,3,5
2020-11-27,2020-12-03,6,6
2020-11-27,2020-12-04,6,7
2020-11-27,2020-12-05,2,8
2020-11-27,2020-12-06,1,9
2020-11-27,2020-12-07,1,10
2020-11-27,2020-12-08,3,11
2020-11-28,2020-11-28,1,0
2020-11-28,2020-11-29,6,1
2020-11-28,2020-11-30,12,2
2020-11-28,2020-12-01,13,3
2020-11-28,2020-12-02,5,4
2020-11-28,2020-12-03,7,5
2020-11-28,2020-12-04,9,6
2020-11-28,2020-12-05,2,7
2020-11-28,2020-12-06,1,8
2020-11-28,2020-12-07,2,9
2020-11-28,2020-12-08,3,10
2020-11-28,2020-12-09,1,11
2020-11-28,2020-12-10,1,12
2020-11-28,2020-12-11,1,13
2020-11-28,2020-12-13,2,15
2020-11-28,2020-12-23,1,25
2020-11-29,2020-11-30,3,1
2020-11-29,2020-12-01,11,2
2020-11-29,2020-12-02,12,3
2020-11-29,2020-12-03,13,4
2020-11-29,2020-12-04,8,5
2020-11-29,2020-12-05,6,6
2020-11-29,2020-12-06,3,7
2020-11-29,2020-12-07,1,8
2020-11-29,2020-12-09,3,10
2020-11-29,2020-12-10,1,11
2020-11-29,2020-12-14,1,15
2020-11-29,2020-12-16,1,17
2020-11-30,2020-12-01,7,1
2020-11-30,2020-12-02,18,2
2020-11-30,2020-12-03,9,3
2020-11-30,2020-12-04,19,4
2020-11-30,2020-12-05,11,5
2020-11-30,2020-12-06,8,6
2020-11-30,2020-12-07,7,7
2020-11-30,2020-12-08,4,8
2020-11-30,2020-12-09,1,9
2020-11-30,2020-12-10,4,10
2020-11-30,2020-12-11,1,11
2020-11-30,2020-12-13,1,13
2020-11-30,2020-12-15,1,15
2020-11-30,2020-12-18,1,18
2020-11-30,2020-12-20,1,20
2020-12-01,2020-12-02,7,1
2020-12-01,2020-12-03,13,2
2020-12-01,2020-12-04,20,3
2020-12-01,2020-12-05,8,4
2020-12-01,2020-12-06,7,5
2020-12-01,2020-12-07,4,6
2020-12-01,2020-12-08,3,7
2020-12-01,2020-12-09,3,8
2020-12-01,2020-12-10,1,9
2020-12-01,2020-12-11,1,10
2020-12-01,2020-12-14,1,13
2020-12-01,2020-12-15,1,14
2020-12-01,2020-12-17,2,16
2020-12-01,2020-12-20,1,19
2020-12-01,2021-01-02,1,32
2020-12-02,2020-12-03,4,1
2020-12-02,2020-12-04,13,2
2020-12-02,2020-12-05,20,3
2020-12-02,2020-12-06,16,4
2020-12-02,2020-12-07,6,5
2020-12-02,2020-12-08,6,6
2020-12-02,2020-12-09,4,7
2020-12-02,2020-12-10,4,8
2020-12-02,2020-12-11,2,9
2020-12-02,2020-12-12,1,10
2020-12-02,2020-12-13,3,11
2020-12-02,2020-12-15,2,13
2020-12-03,2020-12-04,4,1
2020-12-03,2020-12-05,15,2
2020-12-03,2020-12-06,14,3
2020-12-03,2020-12-07,17,4
2020-12-03,2020-12-08,6,5
2020-12-03,2020-12-09,6,6
2020-12-03,2020-12-10,8,7
2020-12-03,2020-12-11,4,8
2020-12-03,2020-12-13,1,10
2020-12-03,2020-12-15,1,12
2020-12-03,2020-12-17,1,14
2020-12-03,2020-12-18,1,15
2020-12-04,2020-12-05,6,1
2020-12-04,2020-12-06,15,2
2020-12-04,2020-12-07,7,3
2020-12-04,2020-12-08,11,4
2020-12-04,2020-12-09,10,5
2020-12-04,2020-12-10,6,6
2020-12-04,2020-12-11,2,7
2020-12-04,2020-12-12,3,8
2020-12-04,2020-12-13,2,9
2020-12-04,2020-12-14,2,10
2020-12-04,2020-12-15,1,11
2020-12-04,2020-12-18,1,14
2020-12-04,2020-12-19,2,15
2020-12-05,2020-12-06,3,1
2020-12-05,2020-12-07,15,2
2020-12-05,2020-12-08,16,3
2020-12-05,2020-12-09,10,4
2020-12-05,2020-12-10,12,5
2020-12-05,2020-12-11,5,6
2020-12-05,2020-12-12,1,7
2020-12-05,2020-12-13,4,8
2020-12-05,2020-12-14,2,9
2020-12-05,2020-12-15,1,10
2020-12-05,2020-12-17,2,12
2020-12-05,2020-12-19,1,14
2020-12-05,2020-12-20,1,15
2020-12-06,2020-12-07,1,1
2020-12-06,2020-12-08,18,2
2020-12-06,2020-12-09,23,3
2020-12-06,2020-12-10,10,4
2020-12-06,2020-12-11,10,5
2020-12-06,2020-12-12,2,6
2020-12-06,2020-12-13,3,7
2020-12-06,2020-12-14,4,8
2020-12-06,2020-12-15,6,9
2020-12-06,2020-12-17,1,11
2020-12-06,2020-12-18,2,12
2020-12-06,2020-12-19,1,13
2020-12-06,2020-12-24,1,18
2020-12-07,2020-12-08,5,1
2020-12-07,2020-12-09,17,2
2020-12-07,2020-12-10,11,3
2020-12-07,2020-12-11,13,4
2020-12-07,2020-12-12,6,5
2020-12-07,2020-12-13,8,6
2020-12-07,2020-12-14,2,7
2020-12-07,2020-12-15,3,8
2020-12-07,2020-12-16,3,9
2020-12-07,2020-12-17,3,10
2020-12-07,2020-12-19,1,12
2020-12-07,2020-12-20,2,13
2020-12-07,2020-12-24,1,17
2020-12-08,2020-12-08,1,0
2020-12-08,2020-12-09,1,1
2020-12-08,2020-12-10,23,2
2020-12-08,2020-12-11,15,3
2020-12-08,2020-12-12,24,4
2020-12-08,2020-12-13,8,5
2020-12-08,2020-12-14,3,6
2020-12-08,2020-12-15,4,7
2020-12-08,2020-12-16,1,8
2020-12-08,2020-12-17,3,9
2020-12-08,2020-12-18,2,10
2020-12-08,2020-12-19,4,11
2020-12-08,2020-12-20,2,12
2020-12-08,2020-12-22,1,14
2020-12-09,2020-12-10,3,1
2020-12-09,2020-12-11,6,2
2020-12-09,2020-12-12,9,3
2020-12-09,2020-12-13,7,4
2020-12-09,2020-12-14,5,5
2020-12-09,2020-12-15,6,6
2020-12-09,2020-12-16,8,7
2020-12-09,2020-12-17,3,8
2020-12-09,2020-12-18,2,9
2020-12-09,2020-12-19,1,10
2020-12-09,2020-12-21,1,12
2020-12-09,2020-12-23,1,14
2020-12-09,2020-12-29,1,20
2020-12-10,2020-12-11,5,1
2020-12-10,2020-12-12,10,2
2020-12-10,2020-12-13,15,3
2020-12-10,2020-12-14,13,4
2020-12-10,2020-12-15,7,5
2020-12-10,2020-12-16,3,6
2020-12-10,2020-12-17,5,7
2020-12-10,2020-12-18,1,8
2020-12-10,2020-12-19,1,9
2020-12-10,2020-12-20,1,10
2020-12-10,2020-12-25,1,15
2020-12-11,2020-12-12,1,1
2020-12-11,2020-12-13,22,2
2020-12-11,2020-12-14,10,3
2020-12-11,2020-12-15,9,4
2020-12-11,2020-12-16,10,5
2020-12-11,2020-12-17,5,6
2020-12-11,2020-12-18,3,7
2020-12-11,2020-12-19,7,8
2020-12-11,2020-12-20,3,9
2020-12-11,2020-12-21,1,10
2020-12-11,2020-12-22,1,11
2020-12-11,2020-12-24,1,13
2020-12-12,2020-12-14,14,2
2020-12-12,2020-12-15,10,3
2020-12-12,2020-12-16,10,4
2020-12-12,2020-12-17,9,5
2020-12-12,2020-12-18,5,6
2020-12-12,2020-12-19,4,7
2020-12-12,2020-12-20,2,8
2020-12-12,2020-12-21,1,9
2020-12-12,2020-12-22,1,10
2020-12-13,2020-12-14,7,1
2020-12-13,2020-12-15,14,2
2020-12-13,2020-12-16,8,3
2020-12-13,2020-12-17,14,4
2020-12-13,2020-12-18,6,5
2020-12-13,2020-12-19,8,6
2020-12-13,2020-12-20,4,7
2020-12-13,2020-12-21,3,8
2020-12-13,2020-12-22,3,9
2020-12-13,2020-12-24,2,11
2020-12-13,2020-12-26,1,13
2020-12-14,2020-12-15,3,1
2020-12-14,2020-12-16,16,2
2020-12-14,2020-12-17,14,3
2020-12-14,2020-12-18,10,4
2020-12-14,2020-12-19,13,5
2020-12-14,2020-12-20,7,6
2020-12-14,2020-12-21,4,7
2020-12-14,2020-12-22,4,8
2020-12-14,2020-12-23,1,9
2020-12-14,2020-12-24,3,10
2020-12-15,2020-12-16,4,1
2020-12-15,2020-12-17,15,2
2020-12-15,2020-12-18,8,3
2020-12-15,2020-12-19,14,4
2020-12-15,2020-12-20,5,5
2020-12-15,2020-12-21,3,6
2020-12-15,2020-12-22,1,7
2020-12-15,2020-12-23,4,8
2020-12-15,2020-12-25,1,10
2020-12-15,2021-01-03,1,19
2020-12-16,2020-12-16,1,0
2020-12-16,2020-12-17,2,1
2020-12-16,2020-12-18,11,2
2020-12-16,2020-12-19,14,3
2020-12-16,2020-12-20,10,4
2020-12-16,2020-12-21,12,5
2020-12-16,2020-12-22,2,6
2020-12-16,2020-12-23,1,7
2020-12-16,2020-12-24,2,8
2020-12-16,2020-12-25,2,9
2020-12-16,2020-12-26,2,10
2020-12-16,2020-12-27,1,11
2020-12-17,2020-12-19,14,2
2020-12-17,2020-12-20,11,3
2020-12-17,2020-12-21,5,4
2020-12-17,2020-12-22,5,5
2020-12-17,2020-12-23,2,6
2020-12-17,2020-12-24,3,7
2020-12-17,2020-12-25,3,8
2020-12-17,2021-01-02,1,16
2020-12-18,2020-12-19,2,1
2020-12-18,2020-12-20,10,2
2020-12-18,2020-12-21,9,3
2020-12-18,2020-12-22,6,4
2020-12-18,2020-12-23,5,5
2020-12-18,2020-12-24,6,6
2020-12-18,2020-12-26,1,8
2020-12-18,2020-12-27,2,9
2020-12-18,2020-12-28,1,10
2020-12-18,2020-12-30,1,12
2020-12-18,2020-12-31,1,13
2020-12-18,2021-01-02,2,15
2020-12-19,2020-12-20,4,1
2020-12-19,2020-12-21,14,2
2020-12-19,2020-12-22,4,3
2020-12-19,2020-12-23,8,4
2020-12-19,2020-12-24,6,5
2020-12-19,2020-12-25,6,6
2020-12-19,2020-12-26,4,7
2020-12-19,2020-12-27,6,8
2020-12-19,2020-12-28,1,9
2020-12-20,2020-12-21,6,1
2020-12-20,2020-12-22,8,2
2020-12-20,2020-12-23,5,3
2020-12-20,2020-12-24,4,4
2020-12-20,2020-12-25,4,5
2020-12-20,2020-12-26,3,6
2020-12-20,2020-12-27,6,7
2020-12-20,2020-12-28,1,8
2020-12-20,2020-12-29,3,9
2020-12-20,2020-12-30,1,10
2020-12-20,2021-01-01,1,12
2020-12-20,2021-01-02,1,13
2020-12-20,2021-01-08,1,19
2020-12-20,2021-01-09,1,20
2020-12-21,2020-12-22,2,1
2020-12-21,2020-12-23,9,2
2020-12-21,2020-12-24,9,3
2020-12-21,2020-12-25,8,4
2020-12-21,2020-12-26,3,5
2020-12-21,2020-12-27,5,6
2020-12-21,2020-12-28,2,7
2020-12-21,2020-12-29,1,8
2020-12-21,2020-12-30,3,9
2020-12-21,2020-12-31,2,10
2020-12-21,2021-01-01,2,11
2020-12-21,2021-01-02,1,12
2020-12-22,2020-12-23,2,1
2020-12-22,2020-12-24,10,2
2020-12-22,2020-12-25,8,3
2020-12-22,2020-12-26,12,4
2020-12-22,2020-12-27,1,5
2020-12-22,2020-12-28,4,6
2020-12-22,2020-12-29,2,7
2020-12-22,2020-12-30,2,8
2020-12-22,2020-12-31,1,9
2020-12-22,2021-01-02,1,11
2020-12-23,2020-12-24,3,1
2020-12-23,2020-12-25,13,2
2020-12-23,2020-12-26,11,3
2020-12-23,2020-12-27,12,4
2020-12-23,2020-12-28,5,5
2020-12-23,2020-12-29,1,6
2020-12-23,2020-12-30,1,7
2020-12-23,2020-12-31,3,8
2020-12-23,2021-01-01,2,9
2020-12-23,2021-01-05,1,13
2020-12-24,2020-12-25,2,1
2020-12-24,2020-12-26,8,2
2020-12-24,2020-12-27,7,3
2020-12-24,2020-12-28,6,4
2020-12-24,2020-12-29,7,5
2020-12-24,2020-12-30,4,6
2020-12-24,2021-01-01,3,8
2020-12-24,2021-01-02,1,9
2020-12-24,2021-01-03,4,10
2020-12-24,2021-01-07,1,14
2020-12-25,2020-12-26,2,1
2020-12-25,2020-12-27,14,2
2020-12-25,2020-12-28,10,3
2020-12-25,2020-12-29,5,4
2020-12-25,2020-12-30,4,5
2020-12-25,2020-12-31,8,6
2020-12-25,2021-01-01,1,7
2020-12-25,2021-01-02,2,8
2020-12-25,2021-01-03,1,9
2020-12-26,2020-12-27,3,1
2020-12-26,2020-12-28,11,2
2020-12-26,2020-12-29,2,3
2020-12-26,2020-12-30,4,4
2020-12-26,2020-12-31,6,5
2020-12-26,2021-01-01,1,6
2020-12-26,2021-01-07,1,12
2020-12-26,2021-01-08,1,13
2020-12-26,2021-01-10,1,15
2020-12-27,2020-12-29,9,2
2020-12-27,2020-12-30,11,3
2020-12-27,2020-12-31,2,4
2020-12-27,2021-01-01,2,5
2020-12-27,2021-01-02,1,6
2020-12-27,2021-01-03,1,7
2020-12-27,2021-01-08,1,12
2020-12-28,2020-12-29,1,1
2020-12-28,2020-12-30,13,2
2020-12-28,2020-12-31,10,3
2020-12-28,2021-01-01,3,4
2020-12-28,2021-01-02,6,5
2020-12-28,2021-01-03,2,6
2020-12-28,2021-01-04,3,7
2020-12-28,2021-01-05,2,8
2020-12-28,2021-01-06,2,9
2020-12-28,2021-01-09,3,12
2020-12-28,2021-01-12,1,15
2020-12-29,2020-12-30,1,1
2020-12-29,2020-12-31,16,2
2020-12-29,2021-01-01,8,3
2020-12-29,2021-01-02,2,4
2020-12-29,2021-01-03,2,5
2020-12-29,2021-01-05,2,7
2020-12-29,2021-01-06,2,8
2020-12-29,2021-01-09,2,11
2020-12-29,2021-01-10,1,12
2020-12-29,2021-01-12,1,14
2020-12-30,2020-12-31,1,1
2020-12-30,2021-01-01,7,2
2020-12-30,2021-01-02,4,3
2020-12-30,2021-01-03,4,4
2020-12-30,2021-01-04,1,5
2020-12-30,2021-01-07,1,8
2020-12-30,2021-01-11,1,12
2020-12-31,2021-01-01,2,1
2020-12-31,2021-01-02,5,2
2020-12-31,2021-01-03,6,3
2020-12-31,2021-01-04,6,4
2020-12-31,2021-01-05,3,5
2020-12-31,2021-01-08,1,8
2020-12-31,2021-01-09,1,9
2020-12-31,2021-01-12,1,12
2021-01-01,2021-01-02,1,1
2021-01-01,2021-01-03,8,2
2021-01-01,2021-01-04,4,3
2021-01-01,2021-01-05,6,4
2021-01-01,2021-01-08,2,7
2021-01-01,2021-01-09,1,8
2021-01-01,2021-01-10,3,9
2021-01-02,2021-01-03,3,1
2021-01-02,2021-01-04,15,2
2021-01-02,2021-01-05,6,3
2021-01-02,2021-01-06,2,4
2021-01-02,2021-01-08,5,6
2021-01-02,2021-01-09,4,7
2021-01-03,2021-01-05,5,2
2021-01-03,2021-01-06,3,3
2021-01-03,2021-01-07,1,4
2021-01-03,2021-01-08,3,5
2021-01-03,2021-01-09,3,6
2021-01-03,2021-01-10,1,7
2021-01-03,2021-01-12,2,9
2021-01-04,2021-01-05,1,1
2021-01-04,2021-01-06,8,2
2021-01-04,2021-01-07,4,3
2021-01-04,2021-01-08,7,4
2021-01-04,2021-01-09,7,5
2021-01-04,2021-01-10,1,6
2021-01-04,2021-01-11,1,7
2021-01-05,2021-01-07,10,2
2021-01-05,2021-01-08,11,3
2021-01-05,2021-01-09,7,4
2021-01-05,2021-01-10,1,5
2021-01-05,2021-01-11,2,6
2021-01-05,2021-01-12,2,7
2021-01-05,2021-01-13,2,8
2021-01-05,2021-01-16,1,11
2021-01-06,2021-01-07,1,1
2021-01-06,2021-01-08,2,2
2021-01-06,2021-01-09,9,3
2021-01-06,2021-01-10,2,4
2021-01-06,2021-01-11,3,5
2021-01-06,2021-01-12,3,6
2021-01-06,2021-01-14,1,8
2021-01-06,2021-01-15,1,9
2021-01-07,2021-01-09,9,2
2021-01-07,2021-01-10,5,3
2021-01-07,2021-01-11,2,4
2021-01-07,2021-01-12,2,5
2021-01-07,2021-01-13,1,6
2021-01-07,2021-01-14,1,7
2021-01-07,2021-01-15,1,8
2021-01-07,2021-01-16,1,9
2021-01-08,2021-01-09,1,1
2021-01-08,2021-01-10,5,2
2021-01-08,2021-01-11,2,3
2021-01-08,2021-01-12,3,4
2021-01-08,2021-01-13,1,5
2021-01-08,2021-01-14,3,6
2021-01-08,2021-01-16,2,8
2021-01-08,2021-01-19,1,11
2021-01-09,2021-01-10,1,1
2021-01-09,2021-01-11,13,2
2021-01-09,2021-01-12,5,3
2021-01-09,2021-01-13,1,4
2021-01-09,2021-01-14,2,5
2021-01-09,2021-01-15,2,6
2021-01-09,2021-01-16,1,7
2021-01-09,2021-01-17,1,8
2021-01-09,2021-01-18,3,9
2021-01-09,2021-01-21,1,12
2021-01-10,2021-01-11,1,1
2021-01-10,2021-01-12,17,2
2021-01-10,2021-01-13,7,3
2021-01-10,2021-01-14,2,4
2021-01-10,2021-01-15,2,5
2021-01-10,2021-01-17,1,7
2021-01-10,2021-01-18,4,8
2021-01-10,2021-01-20,1,10
2021-01-10,2021-01-25,1,15
2021-01-10,2021-01-26,1,16
2021-01-10,2021-01-29,2,19
2021-01-11,2021-01-12,1,1
2021-01-11,2021-01-13,14,2
2021-01-11,2021-01-14,5,3
2021-01-11,2021-01-15,2,4
2021-01-11,2021-01-17,2,6
2021-01-11,2021-01-20,1,9
2021-01-11,2021-01-21,1,10
2021-01-11,2021-01-24,1,13
2021-01-11,2021-01-28,2,17
2021-01-12,2021-01-13,1,1
2021-01-12,2021-01-14,7,2
2021-01-12,2021-01-15,8,3
2021-01-12,2021-01-16,4,4
2021-01-12,2021-01-17,1,5
2021-01-12,2021-01-18,4,6
2021-01-12,2021-01-19,2,7
2021-01-12,2021-01-20,1,8
2021-01-12,2021-01-22,1,10
2021-01-12,2021-01-25,1,13
2021-01-12,2021-01-27,1,15
2021-01-13,2021-01-15,6,2
2021-01-13,2021-01-16,10,3
2021-01-13,2021-01-17,7,4
2021-01-13,2021-01-18,3,5
2021-01-13,2021-01-20,6,7
2021-01-13,2021-01-21,2,8
2021-01-13,2021-01-22,2,9
2021-01-13,2021-01-23,1,10
2021-01-13,2021-01-28,1,15
2021-01-14,2021-01-15,1,1
2021-01-14,2021-01-16,7,2
2021-01-14,2021-01-17,9,3
2021-01-14,2021-01-18,17,4
2021-01-14,2021-01-19,1,5
2021-01-14,2021-01-21,2,7
2021-01-14,2021-01-23,2,9
2021-01-14,2021-01-24,1,10
2021-01-14,2021-01-25,3,11
2021-01-14,2021-01-28,1,14
2021-01-15,2021-01-16,5,1
2021-01-15,2021-01-17,11,2
2021-01-15,2021-01-18,12,3
2021-01-15,2021-01-19,7,4
2021-01-15,2021-01-20,6,5
2021-01-15,2021-01-21,4,6
2021-01-15,2021-01-22,1,7
2021-01-15,2021-01-23,2,8
2021-01-15,2021-01-24,1,9
2021-01-15,2021-01-25,1,10
2021-01-15,2021-01-26,2,11
2021-01-15,2021-01-27,2,12
2021-01-15,2021-02-17,1,33
2021-01-16,2021-01-17,1,1
2021-01-16,2021-01-18,18,2
2021-01-16,2021-01-19,6,3
2021-01-16,2021-01-20,3,4
2021-01-16,2021-01-21,4,5
2021-01-16,2021-01-22,4,6
2021-01-16,2021-01-23,5,7
2021-01-16,2021-01-24,2,8
2021-01-16,2021-01-28,1,12
2021-01-17,2021-01-18,8,1
2021-01-17,2021-01-19,20,2
2021-01-17,2021-01-20,11,3
2021-01-17,2021-01-21,5,4
2021-01-17,2021-01-22,2,5
2021-01-17,2021-01-23,4,6
2021-01-17,2021-01-24,2,7
2021-01-17,2021-01-25,1,8
2021-01-17,2021-01-26,1,9
2021-01-17,2021-01-27,1,10
2021-01-17,2021-01-28,1,11
2021-01-18,2021-01-20,17,2
2021-01-18,2021-01-21,10,3
2021-01-18,2021-01-22,3,4
2021-01-18,2021-01-23,4,5
2021-01-18,2021-01-24,4,6
2021-01-18,2021-01-26,3,8
2021-01-18,2021-01-27,3,9
2021-01-18,2021-01-28,1,10
2021-01-18,2021-01-29,1,11
2021-01-18,2021-01-31,1,13
2021-01-18,2021-02-02,1,15
2021-01-19,2021-01-20,3,1
2021-01-19,2021-01-21,14,2
2021-01-19,2021-01-22,4,3
2021-01-19,2021-01-23,14,4
2021-01-19,2021-01-24,2,5
2021-01-19,2021-01-25,1,6
2021-01-19,2021-01-26,1,7
2021-01-19,2021-01-27,1,8
2021-01-19,2021-02-03,1,15
2021-01-20,2021-01-21,1,1
2021-01-20,2021-01-22,13,2
2021-01-20,2021-01-23,8,3
2021-01-20,2021-01-24,6,4
2021-01-20,2021-01-25,3,5
2021-01-20,2021-01-26,2,6
2021-01-20,2021-01-27,3,7
2021-01-20,2021-01-29,2,9
2021-01-21,2021-01-22,2,1
2021-01-21,2021-01-23,13,2
2021-01-21,2021-01-24,7,3
2021-01-21,2021-01-25,5,4
2021-01-21,2021-01-26,2,5
2021-01-21,2021-01-27,3,6
2021-01-21,2021-01-29,1,8
2021-01-21,2021-01-30,1,9
2021-01-21,2021-02-01,2,11
2021-01-21,2021-02-06,1,16
2021-01-22,2021-01-23,2,1
2021-01-22,2021-01-24,25,2
2021-01-22,2021-01-25,14,3
2021-01-22,2021-01-26,11,4
2021-01-22,2021-01-27,5,5
2021-01-22,2021-01-28,1,6
2021-01-22,2021-01-29,1,7
2021-01-22,2021-01-31,3,9
2021-01-22,2021-02-08,1,17
2021-01-23,2021-01-24,2,1
2021-01-23,2021-01-25,15,2
2021-01-23,2021-01-26,13,3
2021-01-23,2021-01-27,4,4
2021-01-23,2021-01-28,1,5
2021-01-23,2021-01-29,2,6
2021-01-23,2021-01-31,1,8
2021-01-24,2021-01-26,10,2
2021-01-24,2021-01-27,10,3
2021-01-24,2021-01-28,4,4
2021-01-24,2021-01-29,4,5
2021-01-24,2021-02-01,1,8
2021-01-24,2021-02-04,1,11
2021-01-25,2021-01-26,3,1
2021-01-25,2021-01-27,3,2
2021-01-25,2021-01-28,6,3
2021-01-25,2021-01-29,9,4
2021-01-25,2021-01-31,2,6
2021-01-25,2021-02-02,1,8
2021-01-25,2021-02-11,1,17
2021-01-25,2021-02-14,1,20
2021-01-26,2021-01-27,3,1
2021-01-26,2021-01-28,6,2
2021-01-26,2021-01-29,8,3
2021-01-26,2021-01-30,5,4
2021-01-26,2021-01-31,2,5
2021-01-26,2021-02-01,1,6
2021-01-26,2021-02-02,2,7
2021-01-26,2021-02-04,1,9
2021-01-26,2021-02-06,1,11
2021-01-27,2021-01-28,2,1
2021-01-27,2021-01-29,7,2
2021-01-27,2021-01-30,3,3
2021-01-27,2021-01-31,5,4
2021-01-27,2021-02-01,3,5
2021-01-27,2021-02-03,1,7
2021-01-27,2021-02-04,1,8
2021-01-27,2021-02-05,1,9
2021-01-28,2021-01-29,2,1
2021-01-28,2021-01-30,3,2
2021-01-28,2021-01-31,6,3
2021-01-28,2021-02-01,2,4
2021-01-28,2021-02-03,2,6
2021-01-28,2021-02-04,1,7
2021-01-28,2021-02-05,1,8
2021-01-28,2021-02-08,1,11
2021-01-29,2021-01-31,10,2
2021-01-29,2021-02-01,3,3
2021-01-29,2021-02-02,1,4
2021-01-29,2021-02-03,1,5
2021-01-29,2021-02-04,2,6
2021-01-29,2021-02-08,1,10
2021-01-29,2021-02-12,1,14
2021-01-30,2021-01-31,4,1
2021-01-30,2021-02-01,7,2
2021-01-30,2021-02-02,1,3
2021-01-30,2021-02-03,1,4
2021-01-30,2021-02-05,2,6
2021-01-30,2021-02-12,1,13
2021-01-31,2021-02-02,8,2
2021-01-31,2021-02-04,1,4
2021-01-31,2021-02-05,1,5
2021-02-01,2021-02-02,2,1
2021-02-01,2021-02-03,5,2
2021-02-01,2021-02-04,2,3
2021-02-01,2021-02-05,6,4
2021-02-01,2021-02-06,1,5
2021-02-01,2021-02-08,2,7
2021-02-01,2021-02-24,1,23
2021-02-01,2021-02-27,1,26
2021-02-02,2021-02-04,4,2
2021-02-02,2021-02-05,7,3
2021-02-02,2021-02-06,4,4
2021-02-02,2021-02-07,1,5
2021-02-02,2021-02-08,1,6
2021-02-02,2021-02-10,2,8
2021-02-02,2021-02-11,1,9
2021-02-02,2021-02-20,1,18
2021-02-03,2021-02-05,4,2
2021-02-03,2021-02-06,3,3
2021-02-03,2021-02-07,3,4
2021-02-03,2021-02-08,2,5
2021-02-03,2021-02-09,2,6
2021-02-03,2021-02-21,1,18
2021-02-04,2021-02-05,1,1
2021-02-04,2021-02-06,4,2
2021-02-04,2021-02-07,6,3
2021-02-04,2021-02-08,1,4
2021-02-04,2021-02-09,2,5
2021-02-04,2021-02-10,2,6
2021-02-04,2021-02-11,1,7
2021-02-04,2021-02-12,1,8
2021-02-04,2021-02-13,1,9
2021-02-04,2021-02-16,1,12
2021-02-05,2021-02-07,6,2
2021-02-05,2021-02-08,5,3
2021-02-05,2021-02-09,6,4
2021-02-05,2021-02-11,1,6
2021-02-05,2021-02-19,1,14
2021-02-05,2021-02-22,1,17
2021-02-06,2021-02-08,6,2
2021-02-06,2021-02-09,2,3
2021-02-06,2021-02-10,5,4
2021-02-06,2021-02-12,1,6
2021-02-06,2021-02-13,1,7
2021-02-07,2021-02-08,1,1
2021-02-07,2021-02-09,6,2
2021-02-07,2021-02-10,3,3
2021-02-07,2021-02-11,2,4
2021-02-07,2021-02-12,3,5
2021-02-07,2021-02-13,2,6
2021-02-07,2021-02-14,1,7
2021-02-08,2021-02-09,3,1
2021-02-08,2021-02-10,2,2
2021-02-08,2021-02-11,2,3
2021-02-08,2021-02-12,1,4
2021-02-08,2021-02-14,1,6
2021-02-09,2021-02-10,1,1
2021-02-09,2021-02-11,2,2
2021-02-09,2021-02-12,6,3
2021-02-09,2021-02-13,1,4
2021-02-09,2021-02-15,1,6
2021-02-09,2021-02-16,1,7
2021-02-09,2021-02-21,1,12
2021-02-10,2021-02-12,4,2
2021-02-10,2021-02-13,1,3
2021-02-10,2021-02-14,1,4
2021-02-11,2021-02-12,1,1
2021-02-11,2021-02-13,2,2
2021-02-11,2021-02-14,2,3
2021-02-11,2021-02-16,1,5
2021-02-11,2021-02-17,3,6
2021-02-11,2021-02-18,1,7
2021-02-11,2021-02-19,1,8
2021-02-11,2021-02-20,1,9
2021-02-11,2021-02-22,1,11
2021-02-11,2021-02-24,1,13
2021-02-12,2021-02-13,2,1
2021-02-12,2021-02-17,2,5
2021-02-12,2021-02-18,1,6
2021-02-12,2021-02-19,1,7
2021-02-12,2021-02-21,3,9
2021-02-13,2021-02-15,1,2
2021-02-13,2021-02-16,1,3
2021-02-13,2021-02-17,2,4
2021-02-13,2021-02-18,1,5
2021-02-13,2021-02-20,2,7
2021-02-13,2021-02-22,1,9
2021-02-14,2021-02-17,2,3
2021-02-14,2021-02-18,1,4
2021-02-14,2021-02-19,1,5
2021-02-14,2021-02-20,2,6
2021-02-14,2021-02-21,2,7
2021-02-14,2021-02-22,1,8
2021-02-14,2021-02-23,1,9
2021-02-14,2021-02-27,1,13
2021-02-15,2021-02-17,1,2
2021-02-15,2021-02-18,1,3
2021-02-15,2021-02-21,2,6
2021-02-15,2021-02-23,1,8
2021-02-15,2021-02-24,1,9
2021-02-16,2021-02-18,1,2
2021-02-16,2021-02-19,1,3
2021-02-16,2021-02-24,1,8
2021-02-17,2021-02-19,2,2
2021-02-17,2021-02-20,1,3
2021-02-17,2021-02-21,1,4
2021-02-17,2021-02-22,2,5
2021-02-17,2021-02-23,1,6
2021-02-17,2021-02-24,1,7
2021-02-18,2021-02-21,3,3
2021-02-18,2021-02-23,1,5
2021-02-18,2021-02-25,1,7
2021-02-18,2021-02-26,1,8
2021-02-19,2021-02-20,1,1
2021-02-19,2021-02-21,2,2
2021-02-19,2021-02-22,2,3
2021-02-19,2021-02-25,1,6
2021-02-20,2021-02-22,2,2
2021-02-20,2021-02-24,2,4
2021-02-20,2021-02-25,1,5
2021-02-20,2021-02-26,2,6
2021-02-21,2021-02-22,1,1
2021-02-21,2021-02-23,4,2
2021-02-21,2021-02-24,4,3
2021-02-21,2021-02-25,1,4
2021-02-21,2021-02-26,1,5
2021-02-21,2021-02-28,1,7
2021-02-21,2021-03-10,1,17
2021-02-22,2021-02-24,5,2
2021-02-22,2021-02-25,3,3
2021-02-22,2021-02-26,5,4
2021-02-22,2021-02-27,7,5
2021-02-22,2021-03-01,2,7
2021-02-22,2021-03-02,1,8
2021-02-22,2021-03-03,1,9
2021-02-22,2021-03-05,2,11
2021-02-23,2021-02-25,5,2
2021-02-23,2021-02-26,4,3
2021-02-23,2021-02-27,3,4
2021-02-23,2021-03-01,2,6
2021-02-23,2021-03-02,1,7
2021-02-24,2021-02-26,3,2
2021-02-24,2021-02-27,1,3
2021-02-24,2021-02-28,1,4
2021-02-24,2021-03-02,2,6
2021-02-24,2021-03-03,1,7
2021-02-24,2021-03-04,1,8
2021-02-25,2021-02-26,2,1
2021-02-25,2021-02-27,4,2
2021-02-25,2021-02-28,2,3
2021-02-26,2021-02-27,3,1
2021-02-26,2021-02-28,4,2
2021-02-26,2021-03-01,2,3
2021-02-27,2021-03-01,4,2
2021-02-27,2021-03-02,1,3
2021-02-27,2021-03-03,1,4
2021-02-28,2021-03-02,3,2
2021-02-28,2021-03-03,2,3
2021-02-28,2021-03-04,2,4
2021-02-28,2021-03-05,1,5
2021-02-28,2021-03-08,1,8
2021-03-01,2021-03-03,3,2
2021-03-01,2021-03-05,2,4
2021-03-01,2021-03-06,1,5
2021-03-01,2021-03-07,3,6
2021-03-01,2021-03-09,2,8
2021-03-02,2021-03-03,1,1
2021-03-02,2021-03-04,1,2
2021-03-03,2021-03-04,2,1
2021-03-03,2021-03-06,1,3
2021-03-03,2021-03-07,1,4
2021-03-03,2021-03-09,1,6
2021-03-03,2021-03-10,1,7
2021-03-03,2021-03-12,1,9
2021-03-03,2021-03-15,1,12
2021-03-04,2021-03-06,3,2
2021-03-04,2021-03-08,2,4
2021-03-04,2021-03-09,2,5
2021-03-04,2021-03-18,1,14
2021-03-05,2021-03-07,5,2
2021-03-05,2021-03-11,1,6
2021-03-06,2021-03-08,2,2
2021-03-06,2021-03-09,1,3
2021-03-06,2021-03-12,4,6
2021-03-06,2021-03-13,1,7
2021-03-06,2021-03-14,1,8
2021-03-06,2021-03-18,1,12
2021-03-07,2021-03-08,1,1
2021-03-07,2021-03-10,3,3
2021-03-07,2021-03-12,1,5
2021-03-07,2021-03-13,1,6
2021-03-08,2021-03-09,1,1
2021-03-08,2021-03-11,4,3
2021-03-08,2021-03-12,5,4
2021-03-08,2021-03-14,1,6
2021-03-08,2021-03-19,1,11
2021-03-09,2021-03-11,6,2
2021-03-09,2021-03-12,6,3
2021-03-09,2021-03-13,3,4
2021-03-09,2021-03-14,4,5
2021-03-09,2021-03-15,1,6
2021-03-09,2021-03-17,1,8
2021-03-09,2021-03-19,1,10
2021-03-10,2021-03-12,13,2
2021-03-10,2021-03-13,5,3
2021-03-10,2021-03-14,1,4
2021-03-10,2021-03-16,1,6
2021-03-10,2021-03-20,1,10
2021-03-10,2021-04-05,1,26
2021-03-11,2021-03-12,6,1
2021-03-11,2021-03-13,11,2
2021-03-11,2021-03-14,1,3
2021-03-12,2021-03-13,5,1
2021-03-12,2021-03-14,2,2
2021-03-12,2021-03-15,2,3
2021-03-12,2021-03-18,1,6
2021-03-12,2021-03-22,1,10
2021-03-13,2021-03-14,6,1
2021-03-13,2021-03-15,7,2
2021-03-13,2021-03-16,1,3
2021-03-13,2021-03-17,1,4
2021-03-14,2021-03-15,2,1
2021-03-14,2021-03-16,1,2
2021-03-15,2021-03-16,1,1
2021-03-15,2021-03-17,2,2
2021-03-15,2021-03-20,1,5
2021-03-15,2021-03-22,1,7
2021-03-16,2021-03-17,1,1
2021-03-16,2021-03-18,2,2
2021-03-16,2021-03-19,2,3
2021-03-17,2021-03-19,2,2
2021-03-17,2021-03-22,1,5
2021-03-17,2021-03-23,1,6
2021-03-17,2021-03-24,3,7
2021-03-17,2021-03-27,1,10
2021-03-18,2021-03-26,1,8
2021-03-19,2021-03-21,3,2
2021-03-19,2021-03-22,1,3
2021-03-20,2021-03-22,2,2
2021-03-20,2021-03-23,1,3
2021-03-20,2021-04-02,1,13
2021-03-20,2021-04-07,1,18
2021-03-21,2021-03-23,2,2
2021-03-21,2021-03-24,1,3
2021-03-21,2021-03-26,1,5
2021-03-22,2021-03-24,1,2
2021-03-22,2021-03-25,1,3
2021-03-23,2021-03-25,3,2
2021-03-23,2021-03-29,1,6
2021-03-23,2021-03-31,1,8
2021-03-24,2021-03-25,1,1
2021-03-24,2021-03-27,1,3
2021-03-24,2021-04-06,1,13
2021-03-25,2021-03-26,1,1
2021-03-25,2021-03-27,1,2
2021-03-25,2021-03-29,2,4
2021-03-26,2021-03-29,1,3
2021-03-26,2021-04-09,1,14
2021-03-27,2021-03-30,1,3
2021-03-28,2021-03-31,1,3
2021-03-28,2021-04-01,1,4
2021-03-29,2021-03-31,1,2
2021-03-29,2021-04-01,1,3
2021-03-29,2021-04-02,1,4
2021-03-29,2021-04-07,1,9
2021-03-30,2021-04-01,1,2
2021-03-30,2021-04-05,1,6
2021-03-31,2021-04-02,4,2
2021-03-31,2021-04-03,1,3
2021-03-31,2021-04-09,1,9
2021-03-31,2021-04-14,1,14
2021-04-01,2021-04-09,1,8
2021-04-01,2021-04-10,1,9
2021-04-02,2021-04-09,1,7
2021-04-02,2021-04-10,1,8
2021-04-02,2021-04-16,1,14
2021-04-03,2021-04-05,1,2
2021-04-03,2021-04-07,1,4
2021-04-04,2021-04-05,1,1
2021-04-04,2021-04-06,1,2
2021-04-04,2021-04-07,1,3
2021-04-04,2021-04-13,1,9
2021-04-05,2021-04-06,2,1
2021-04-05,2021-04-09,2,4
2021-04-05,2021-04-13,1,8
2021-04-06,2021-04-08,2,2
2021-04-06,2021-04-09,1,3
2021-04-06,2021-04-16,1,10
2021-04-07,2021-04-08,1,1
2021-04-07,2021-04-09,2,2
2021-04-07,2021-04-11,1,4
2021-04-08,2021-04-10,2,2
2021-04-08,2021-04-18,1,10
2021-04-09,2021-04-11,1,2
2021-04-09,2021-04-13,1,4
2021-04-09,2021-04-15,1,6
2021-04-10,2021-04-11,1,1
2021-04-10,2021-04-12,3,2
2021-04-11,2021-04-13,1,2
2021-04-11,2021-04-15,1,4
2021-04-11,2021-04-16,1,5
2021-04-11,2021-04-17,1,6
2021-04-12,2021-04-17,1,5
2021-04-13,2021-04-16,2,3
2021-04-14,2021-04-16,2,2
2021-04-14,2021-04-17,1,3
2021-04-15,2021-04-17,1,2
2021-04-15,2021-04-18,2,3
2021-04-15,2021-04-22,2,7
2021-04-16,2021-04-18,1,2
2021-04-16,2021-04-20,1,4
2021-04-17,2021-04-22,2,5
2021-04-18,2021-04-19,1,1
2021-04-18,2021-04-23,1,5
2021-04-19,2021-04-22,1,3
2021-04-20,2021-04-22,1,2
2021-04-20,2021-04-24,1,4
2021-04-20,2021-05-01,1,11
2021-04-21,2021-04-23,2,2
2021-04-22,2021-04-27,1,5
2021-04-23,2021-04-26,1,3
2021-04-23,2021-04-27,1,4
2021-04-23,2021-04-29,1,6
2021-04-23,2021-04-30,1,7
2021-04-24,2021-04-28,2,4
2021-04-24,2021-04-29,2,5
2021-04-25,2021-04-29,2,4
2021-04-26,2021-04-28,1,2
2021-04-26,2021-04-29,1,3
2021-04-27,2021-04-28,1,1
2021-04-29,2021-04-30,1,1
2021-05-02,2021-05-05,2,3
2021-05-03,2021-05-10,1,7
2021-05-04,2021-05-08,1,4
2021-05-05,2021-05-07,1,2
2021-05-11,2021-05-13,1,2
2021-05-12,2021-05-15,1,3
2021-05-21,2021-05-23,1,2
2021-05-24,2021-05-26,1,2
2021-05-30,2021-06-01,1,2
2021-06-02,2021-06-05,1,3
2021-06-04,2021-06-06,1,2
2021-06-04,2021-06-07,2,3
2021-06-06,2021-06-08,1,2
2021-06-06,2021-06-09,1,3
2021-06-11,2021-06-12,1,1
2021-06-13,2021-06-14,1,1
2021-06-14,2021-06-15,1,1
2021-06-16,2021-06-18,1,2
2021-06-16,2021-06-19,1,3
2021-06-17,2021-06-21,1,4
2021-06-18,2021-06-25,1,7
2021-06-19,2021-06-25,1,6
2021-06-20,2021-06-24,1,4
2021-06-21,2021-06-23,1,2
2021-06-21,2021-06-24,2,3
2021-06-25,2021-06-27,3,2
2021-06-25,2021-06-28,1,3
2021-06-26,2021-06-27,1,1
2021-06-26,2021-06-28,1,2
2021-06-27,2021-06-28,1,1
2021-06-28,2021-07-02,1,4
2021-06-29,2021-07-02,1,3
2021-06-30,2021-07-02,3,2
2021-07-01,2021-07-02,1,1
2021-07-01,2021-07-21,1,20
2021-07-02,2021-07-04,2,2
2021-07-03,2021-07-04,1,1
2021-07-07,2021-07-08,1,1
2021-07-10,2021-07-14,1,4
2021-07-12,2021-08-12,1,31
2021-07-17,2021-07-20,1,3
2021-07-17,2021-07-21,1,4
2021-07-18,2021-07-20,2,2
2021-07-24,2021-07-27,1,3
2021-07-27,2021-07-28,1,1
2021-07-27,2021-07-29,1,2
2021-08-01,2021-08-03,2,2
2021-08-02,2021-08-04,1,2
2021-08-02,2021-08-05,1,3
2021-08-04,2021-08-07,1,3
2021-08-06,2021-08-07,2,1
2021-08-06,2021-08-08,1,2
2021-08-06,2021-08-27,1,21
2021-08-07,2021-08-27,1,20
2021-08-08,2021-08-27,1,19
2021-08-11,2021-08-13,1,2
2021-08-14,2021-08-27,1,13
2021-08-15,2021-08-17,1,2
2021-08-15,2021-08-19,1,4
2021-08-15,2021-08-30,1,15
2021-08-16,2021-08-27,1,11
2021-08-17,2021-08-19,2,2
2021-08-18,2021-08-27,1,9
2021-08-20,2021-08-21,1,1
2021-08-20,2021-08-27,1,7
2021-08-21,2021-08-25,2,4
2021-08-22,2021-08-24,1,2
2021-08-23,2021-08-24,1,1
2021-08-23,2021-08-25,1,2
2021-08-24,2021-08-28,1,4
2021-08-25,2021-08-29,1,4
2021-08-29,2021-08-27,1,-2
2021-08-31,2021-09-03,2,3
2021-09-03,2021-09-06,1,3
2021-09-04,2021-09-07,1,3
2021-09-05,2021-09-07,1,2
2021-09-10,2021-09-12,1,2
2021-09-11,2021-09-13,1,2
2021-09-17,2021-09-20,2,3
2021-09-22,2021-09-26,1,4
2021-09-23,2021-09-25,2,2
2021-09-24,2021-09-25,1,1
2021-09-26,2021-09-28,2,2
2021-09-28,2021-09-30,1,2
2021-09-29,2021-10-27,1,28
2021-09-30,2021-10-06,1,6
2021-10-01,2021-10-05,1,4
2021-10-03,2021-10-05,1,2
2021-10-04,2021-10-06,1,2
2021-10-05,2021-10-07,1,2
2021-10-06,2021-10-08,1,2
2021-10-07,2021-10-08,1,1
2021-10-08,2021-10-14,1,6
2021-10-12,2021-10-15,1,3
2021-10-13,2021-10-15,1,2
2021-10-13,2021-10-16,1,3
2021-10-15,2021-10-26,1,11
2021-10-18,2021-10-19,1,1
2021-10-18,2021-10-20,1,2
2021-10-19,2021-10-21,1,2
2021-10-19,2021-10-22,1,3
2021-10-21,2021-10-25,1,4
2021-10-22,2021-10-23,1,1
2021-10-24,2021-11-02,1,9
2021-10-26,2021-10-31,1,5
2021-10-28,2021-10-30,1,2
2021-10-29,2021-11-01,1,3
2021-10-31,2021-11-06,1,6
2021-11-01,2021-11-03,2,2
2021-11-01,2021-11-04,1,3
2021-11-04,2021-11-06,1,2
2021-11-04,2021-11-07,1,3
2021-11-08,2021-11-10,1,2
2021-11-08,2021-11-13,1,5
2021-11-10,2021-11-15,1,5
2021-11-13,2021-11-15,1,2
2021-11-15,2021-11-17,1,2
2021-11-17,2021-11-20,1,3
2021-11-20,2021-11-22,1,2
2021-11-21,2021-11-23,1,2
2021-11-22,2021-11-24,1,2
2021-11-22,2021-11-30,1,8
2021-11-24,2021-12-01,1,7
2021-11-25,2021-11-27,1,2
2021-11-25,2021-12-03,1,8
2021-11-26,2021-11-30,1,4
2021-11-27,2021-11-29,1,2
2021-11-28,2021-11-30,2,2
2021-11-30,2021-12-02,1,2
2021-12-01,2021-12-04,1,3
2021-12-02,2021-12-04,1,2
2021-12-02,2021-12-05,1,3
2021-12-03,2021-12-05,1,2
2021-12-03,2021-12-06,1,3
2021-12-04,2021-12-06,1,2
2021-12-05,2021-12-06,1,1
2021-12-05,2021-12-07,1,2
2021-12-07,2021-12-09,3,2
2021-12-09,2021-12-12,1,3
2021-12-11,2021-12-14,1,3
2021-12-12,2021-12-13,1,1
